source,catalog_product_name,catalog_brand,candidate_code,issuing_agency,name_in_db,company_in_db,detail_or_class,extra_id,manufacturer_srn,status,detail_uuid,query_url,found_on
openFDA-US,Dexcom G6 Sensor,Dexcom,00386270001627,GS1,Dexcom G6 Transmitter,"Dexcom, Inc.",G6 Nuevo Transmitter,9445-24,,In Commercial Distribution,,https://api.fda.gov/device/udi.json?search=brand_name%3A%22Dexcom%20G6%22&limit=10,2026-06-26
openFDA-US,Dexcom G6 Sensor,Dexcom,00386270001900,GS1,Dexcom G6 Receiver,"Dexcom, Inc.",G6 Receiver Kit (Retail),STK-OE-001,,In Commercial Distribution,,https://api.fda.gov/device/udi.json?search=brand_name%3A%22Dexcom%20G6%22&limit=10,2026-06-26
openFDA-US,Dexcom G6 Sensor,Dexcom,00386270001092,GS1,Dexcom G6 Professional System,"Dexcom, Inc.",Dexcom G6 Professional System,STP-PR-001,,In Commercial Distribution,,https://api.fda.gov/device/udi.json?search=brand_name%3A%22Dexcom%20G6%22&limit=10,2026-06-26
openFDA-US,Dexcom G6 Sensor,Dexcom,00386270000583,GS1,Dexcom G6 Receiver,"Dexcom, Inc.",G6 Receiver,MT24078,,In Commercial Distribution,,https://api.fda.gov/device/udi.json?search=brand_name%3A%22Dexcom%20G6%22&limit=10,2026-06-26
openFDA-US,Dexcom G6 Sensor,Dexcom,00386270003232,GS1,Dexcom G6 Receiver,"Dexcom, Inc.",G6 Falcon Receiver US Medicare,STK-FM-001,,In Commercial Distribution,,https://api.fda.gov/device/udi.json?search=brand_name%3A%22Dexcom%20G6%22&limit=10,2026-06-26
openFDA-US,Dexcom G6 Sensor,Dexcom,00386270000811,GS1,Dexcom G6 Android,"Dexcom, Inc.",G6 Android,SW11678,,In Commercial Distribution,,https://api.fda.gov/device/udi.json?search=brand_name%3A%22Dexcom%20G6%22&limit=10,2026-06-26
openFDA-US,Dexcom G6 Sensor,Dexcom,00386270000590,GS1,Dexcom G6 Receiver Kit,"Dexcom, Inc.",G6 Receiver Kit,STK-OR-001,,In Commercial Distribution,,https://api.fda.gov/device/udi.json?search=brand_name%3A%22Dexcom%20G6%22&limit=10,2026-06-26
openFDA-US,Dexcom G6 Sensor,Dexcom,00386270000804,GS1,Dexcom G6 iOS,"Dexcom, Inc.",G6 iOS,SW11677,,In Commercial Distribution,,https://api.fda.gov/device/udi.json?search=brand_name%3A%22Dexcom%20G6%22&limit=10,2026-06-26
openFDA-US,Dexcom G6 Sensor,Dexcom,00386270003225,GS1,Dexcom G6 Receiver,"Dexcom, Inc.","G6 Receiver Kit, Retail - US Falcon",STK-FR-001,,In Commercial Distribution,,https://api.fda.gov/device/udi.json?search=brand_name%3A%22Dexcom%20G6%22&limit=10,2026-06-26
openFDA-US,Dexcom G6 Sensor,Dexcom,00386270000385,GS1,Dexcom G6 Transmitter,"Dexcom, Inc.",G6 Transmitter,9445-02,,Not in Commercial Distribution,,https://api.fda.gov/device/udi.json?search=brand_name%3A%22Dexcom%20G6%22&limit=10,2026-06-26
openFDA-US,Dexcom ONE+ Sensor,Dexcom,00386270003478,GS1,Dexcom G7 Sample Pack (155),"Dexcom, Inc.",G7 Sample Pack US (1pk) - 155,STE-AT-030,,In Commercial Distribution,,https://api.fda.gov/device/udi.json?search=brand_name%3A%22Dexcom%22&limit=10,2026-06-26
openFDA-US,Dexcom ONE+ Sensor,Dexcom,30386270000232,GS1,Dexcom G5 Mobile Replacement Receiver Kit,"Dexcom, Inc.",G5 Mobile Replacement Receiver Kit Adult Black,STR-GF-001,,Not in Commercial Distribution,,https://api.fda.gov/device/udi.json?search=brand_name%3A%22Dexcom%22&limit=10,2026-06-26
openFDA-US,Dexcom ONE+ Sensor,Dexcom,00386270000149,GS1,Dexcom Studio,"Dexcom, Inc.",Dexcom Studio CD,MT21360,,In Commercial Distribution,,https://api.fda.gov/device/udi.json?search=brand_name%3A%22Dexcom%22&limit=10,2026-06-26
openFDA-US,Dexcom ONE+ Sensor,Dexcom,00386270004024,GS1,Dexcom G7 Overpatch 10 Pack,"Dexcom, Inc.",Dexcom G7 Overpatch 10 Pack,MT-1000392,,In Commercial Distribution,,https://api.fda.gov/device/udi.json?search=brand_name%3A%22Dexcom%22&limit=10,2026-06-26
openFDA-US,Dexcom ONE+ Sensor,Dexcom,10386270000238,GS1,Dexcom G5 Mobile Receiver Kit,"Dexcom, Inc.",G5 Mobile Receiver Kit Adult Black,STK-GF-001,,Not in Commercial Distribution,,https://api.fda.gov/device/udi.json?search=brand_name%3A%22Dexcom%22&limit=10,2026-06-26
openFDA-US,Dexcom ONE+ Sensor,Dexcom,20386270000327,GS1,Dexcom G5 Touchscreen Receiver,"Dexcom, Inc.",G5 Touchscreen Receiver,STK-SR-001,,Not in Commercial Distribution,,https://api.fda.gov/device/udi.json?search=brand_name%3A%22Dexcom%22&limit=10,2026-06-26
openFDA-US,Dexcom ONE+ Sensor,Dexcom,20386270000082,GS1,Dexcom G4 Platinum Replacement Receiver Kit,"Dexcom, Inc.",G4 Platinum Replacement Receiver Kit Adult Pink,STR-GL-PNK,,Not in Commercial Distribution,,https://api.fda.gov/device/udi.json?search=brand_name%3A%22Dexcom%22&limit=10,2026-06-26
openFDA-US,Dexcom ONE+ Sensor,Dexcom,00386270002815,GS1,Dexcom G7 GSS (151),"Dexcom, Inc.",G7 US DME Sensor/Transmitter 1-pack,STP-AT-011,,In Commercial Distribution,,https://api.fda.gov/device/udi.json?search=brand_name%3A%22Dexcom%22&limit=10,2026-06-26
openFDA-US,Dexcom ONE+ Sensor,Dexcom,00386270000231,GS1,Dexcom G5 Mobile Receiver,"Dexcom, Inc.",G5 Mobile Receiver,MT22719,,Not in Commercial Distribution,,https://api.fda.gov/device/udi.json?search=brand_name%3A%22Dexcom%22&limit=10,2026-06-26
openFDA-US,Dexcom ONE+ Sensor,Dexcom,20386270000099,GS1,Dexcom G4 Platinum Receiver Kit (Retail),"Dexcom, Inc.",G4 Platinum Receiver Kit (Retail) Adult Blue,STK-RX-BLU,,Not in Commercial Distribution,,https://api.fda.gov/device/udi.json?search=brand_name%3A%22Dexcom%22&limit=10,2026-06-26
openFDA-US,Dexcom Stelo Sensor,Dexcom,00386270004635,GS1,Dexcom Stelo iOS Mobile App,"Dexcom, Inc.",,SW14116,,In Commercial Distribution,,https://api.fda.gov/device/udi.json?search=brand_name%3A%22Dexcom%20Stelo%22&limit=10,2026-06-26
openFDA-US,Dexcom Stelo Sensor,Dexcom,00386270004642,GS1,Dexcom Stelo Android Mobile App,"Dexcom, Inc.",,SW14117,,In Commercial Distribution,,https://api.fda.gov/device/udi.json?search=brand_name%3A%22Dexcom%20Stelo%22&limit=10,2026-06-26
openFDA-US,Dexcom Stelo Sensor,Dexcom,00386270004659,GS1,Dexcom Stelo iOS Watch App,"Dexcom, Inc.",,SW14131,,In Commercial Distribution,,https://api.fda.gov/device/udi.json?search=brand_name%3A%22Dexcom%20Stelo%22&limit=10,2026-06-26
openFDA-US,FreeStyle Libre 2 Plus Sensor,Abbott,00357599715625,GS1,FreeStyle Libre Pro,ABBOTT DIABETES CARE INC,FreeStyle Libre Pro Sensor Kit,71562,,In Commercial Distribution,,https://api.fda.gov/device/udi.json?search=brand_name%3A%22FreeStyle%20Libre%22&limit=10,2026-06-26
openFDA-US,FreeStyle Libre 2 Plus Sensor,Abbott,00357599835019,GS1,FreeStyle Libre 2 Plus,ABBOTT DIABETES CARE INC,FreeStyle Libre 2 Plus Sensor,78747,,In Commercial Distribution,,https://api.fda.gov/device/udi.json?search=brand_name%3A%22FreeStyle%20Libre%22&limit=10,2026-06-26
openFDA-US,FreeStyle Libre 2 Plus Sensor,Abbott,00357599000479,GS1,FreeStyle Libre,ABBOTT DIABETES CARE INC,FreeSyle Libre Software CD,71527,,In Commercial Distribution,,https://api.fda.gov/device/udi.json?search=brand_name%3A%22FreeStyle%20Libre%22&limit=10,2026-06-26
openFDA-US,FreeStyle Libre 2 Plus Sensor,Abbott,00357599819002,GS1,FreeStyle Libre 3,ABBOTT DIABETES CARE INC,FreeStyle Libre 3 Sensor Kit NFRS,72080,,In Commercial Distribution,,https://api.fda.gov/device/udi.json?search=brand_name%3A%22FreeStyle%20Libre%22&limit=10,2026-06-26
openFDA-US,FreeStyle Libre 2 Plus Sensor,Abbott,00357599801007,GS1,FreeStyle Libre 2,ABBOTT DIABETES CARE INC,FreeStyle Libre 2 Flash Glucose Monitoring System Sensor,72000,,In Commercial Distribution,,https://api.fda.gov/device/udi.json?search=brand_name%3A%22FreeStyle%20Libre%22&limit=10,2026-06-26
openFDA-US,FreeStyle Libre 2 Plus Sensor,Abbott,00357599000196,GS1,FreeStyle Libre,ABBOTT DIABETES CARE INC,FreeStyle Libre Sensor Kit,71536,,Not in Commercial Distribution,,https://api.fda.gov/device/udi.json?search=brand_name%3A%22FreeStyle%20Libre%22&limit=10,2026-06-26
openFDA-US,FreeStyle Libre 2 Plus Sensor,Abbott,00357599809003,GS1,FreeStyle Libre 2 App,ABBOTT DIABETES CARE INC,FreeStyle Libre 2 App Android US,71857-01,,In Commercial Distribution,,https://api.fda.gov/device/udi.json?search=brand_name%3A%22FreeStyle%20Libre%22&limit=10,2026-06-26
openFDA-US,FreeStyle Libre 2 Plus Sensor,Abbott,00357599000417,GS1,FreeStyle Libre Pro,ABBOTT DIABETES CARE INC,FreeStyle Libre Pro Reader Kit US DOD,71760,,In Commercial Distribution,,https://api.fda.gov/device/udi.json?search=brand_name%3A%22FreeStyle%20Libre%22&limit=10,2026-06-26
openFDA-US,FreeStyle Libre 2 Plus Sensor,Abbott,00357599001025,GS1,FreeStyle Libre 14 day,ABBOTT DIABETES CARE INC,FreeStyle Libre 14 day Sensor Kit NFRS,71939,,Not in Commercial Distribution,,https://api.fda.gov/device/udi.json?search=brand_name%3A%22FreeStyle%20Libre%22&limit=10,2026-06-26
openFDA-US,FreeStyle Libre 2 Plus Sensor,Abbott,30357599843008,GS1,FreeStyle Libre 3 Plus,ABBOTT DIABETES CARE INC,FreeStyle Libre 3 PLUS Sensor NFRS,78769-01,,In Commercial Distribution,,https://api.fda.gov/device/udi.json?search=brand_name%3A%22FreeStyle%20Libre%22&limit=10,2026-06-26
openFDA-US,FreeStyle Libre Rio,Abbott,00357599715625,GS1,FreeStyle Libre Pro,ABBOTT DIABETES CARE INC,FreeStyle Libre Pro Sensor Kit,71562,,In Commercial Distribution,,https://api.fda.gov/device/udi.json?search=brand_name%3A%22FreeStyle%20Libre%22&limit=10,2026-06-26
openFDA-US,FreeStyle Libre Rio,Abbott,00357599835019,GS1,FreeStyle Libre 2 Plus,ABBOTT DIABETES CARE INC,FreeStyle Libre 2 Plus Sensor,78747,,In Commercial Distribution,,https://api.fda.gov/device/udi.json?search=brand_name%3A%22FreeStyle%20Libre%22&limit=10,2026-06-26
openFDA-US,FreeStyle Libre Rio,Abbott,00357599000479,GS1,FreeStyle Libre,ABBOTT DIABETES CARE INC,FreeSyle Libre Software CD,71527,,In Commercial Distribution,,https://api.fda.gov/device/udi.json?search=brand_name%3A%22FreeStyle%20Libre%22&limit=10,2026-06-26
openFDA-US,FreeStyle Libre Rio,Abbott,00357599819002,GS1,FreeStyle Libre 3,ABBOTT DIABETES CARE INC,FreeStyle Libre 3 Sensor Kit NFRS,72080,,In Commercial Distribution,,https://api.fda.gov/device/udi.json?search=brand_name%3A%22FreeStyle%20Libre%22&limit=10,2026-06-26
openFDA-US,FreeStyle Libre Rio,Abbott,00357599801007,GS1,FreeStyle Libre 2,ABBOTT DIABETES CARE INC,FreeStyle Libre 2 Flash Glucose Monitoring System Sensor,72000,,In Commercial Distribution,,https://api.fda.gov/device/udi.json?search=brand_name%3A%22FreeStyle%20Libre%22&limit=10,2026-06-26
openFDA-US,FreeStyle Libre Rio,Abbott,00357599000196,GS1,FreeStyle Libre,ABBOTT DIABETES CARE INC,FreeStyle Libre Sensor Kit,71536,,Not in Commercial Distribution,,https://api.fda.gov/device/udi.json?search=brand_name%3A%22FreeStyle%20Libre%22&limit=10,2026-06-26
openFDA-US,FreeStyle Libre Rio,Abbott,00357599809003,GS1,FreeStyle Libre 2 App,ABBOTT DIABETES CARE INC,FreeStyle Libre 2 App Android US,71857-01,,In Commercial Distribution,,https://api.fda.gov/device/udi.json?search=brand_name%3A%22FreeStyle%20Libre%22&limit=10,2026-06-26
openFDA-US,FreeStyle Libre Rio,Abbott,00357599000417,GS1,FreeStyle Libre Pro,ABBOTT DIABETES CARE INC,FreeStyle Libre Pro Reader Kit US DOD,71760,,In Commercial Distribution,,https://api.fda.gov/device/udi.json?search=brand_name%3A%22FreeStyle%20Libre%22&limit=10,2026-06-26
openFDA-US,FreeStyle Libre Rio,Abbott,00357599001025,GS1,FreeStyle Libre 14 day,ABBOTT DIABETES CARE INC,FreeStyle Libre 14 day Sensor Kit NFRS,71939,,Not in Commercial Distribution,,https://api.fda.gov/device/udi.json?search=brand_name%3A%22FreeStyle%20Libre%22&limit=10,2026-06-26
openFDA-US,FreeStyle Libre Rio,Abbott,30357599843008,GS1,FreeStyle Libre 3 Plus,ABBOTT DIABETES CARE INC,FreeStyle Libre 3 PLUS Sensor NFRS,78769-01,,In Commercial Distribution,,https://api.fda.gov/device/udi.json?search=brand_name%3A%22FreeStyle%20Libre%22&limit=10,2026-06-26
openFDA-US,Guardian 4 Sensor,Medtronic,M684251023051,HIBCC,GUARDIAN®,Microport Orthopedics Inc.,,25102305,,In Commercial Distribution,,https://api.fda.gov/device/udi.json?search=brand_name%3A%22Guardian%22&limit=10,2026-06-26
openFDA-US,Guardian 4 Sensor,Medtronic,00812293015438,GS1,Fall Guardian,Smart Caregiver Corporation,Fall Guardian Wireless Economy Monitor with chair pad and pager case,FG3C45-SYS/CS,,In Commercial Distribution,,https://api.fda.gov/device/udi.json?search=brand_name%3A%22Guardian%22&limit=10,2026-06-26
openFDA-US,Guardian 4 Sensor,Medtronic,M6842510TR121,HIBCC,GUARDIAN®,Microport Orthopedics Inc.,,2510TR12,,In Commercial Distribution,,https://api.fda.gov/device/udi.json?search=brand_name%3A%22Guardian%22&limit=10,2026-06-26
openFDA-US,Guardian 4 Sensor,Medtronic,07613327380361,GS1,Pivot Guardian,STRYKER CORPORATION,PostFree Frame,3105000100,,In Commercial Distribution,,https://api.fda.gov/device/udi.json?search=brand_name%3A%22Guardian%22&limit=10,2026-06-26
openFDA-US,Guardian 4 Sensor,Medtronic,00713980007333,GS1,GUARDIAN LINER,"Alps South, LLC",Guardian Liner 20-3 w/gripgel,GLBK20-3,,Not in Commercial Distribution,,https://api.fda.gov/device/udi.json?search=brand_name%3A%22Guardian%22&limit=10,2026-06-26
openFDA-US,Guardian 4 Sensor,Medtronic,M684251060131,HIBCC,GUARDIAN®,Microport Orthopedics Inc.,,25106013,,In Commercial Distribution,,https://api.fda.gov/device/udi.json?search=brand_name%3A%22Guardian%22&limit=10,2026-06-26
openFDA-US,Guardian 4 Sensor,Medtronic,00193033068649,GS1,GUARDIAN,FGX INTERNATIONAL INC.,,10700339.VER,,In Commercial Distribution,,https://api.fda.gov/device/udi.json?search=brand_name%3A%22Guardian%22&limit=10,2026-06-26
openFDA-US,Guardian 4 Sensor,Medtronic,M684251076021,HIBCC,GUARDIAN®,Microport Orthopedics Inc.,,25107602,,In Commercial Distribution,,https://api.fda.gov/device/udi.json?search=brand_name%3A%22Guardian%22&limit=10,2026-06-26
openFDA-US,Guardian 4 Sensor,Medtronic,00812293013335,GS1,Fall Guardian,Smart Caregiver Corporation,Fall Guardian Basic Monitor and bed sensor pad,FG1BR1-SYS,,In Commercial Distribution,,https://api.fda.gov/device/udi.json?search=brand_name%3A%22Guardian%22&limit=10,2026-06-26
openFDA-US,Guardian 4 Sensor,Medtronic,M684250010151,HIBCC,GUARDIAN®,Microport Orthopedics Inc.,GUARDIAN® STRAIGHT STEM 15mm X 152mm TTnm. w/POROUS COLLAR,25001015,,In Commercial Distribution,,https://api.fda.gov/device/udi.json?search=brand_name%3A%22Guardian%22&limit=10,2026-06-26
openFDA-US,Guardian Sensor 3,Medtronic,M684251023051,HIBCC,GUARDIAN®,Microport Orthopedics Inc.,,25102305,,In Commercial Distribution,,https://api.fda.gov/device/udi.json?search=brand_name%3A%22Guardian%22&limit=10,2026-06-26
openFDA-US,Guardian Sensor 3,Medtronic,00812293015438,GS1,Fall Guardian,Smart Caregiver Corporation,Fall Guardian Wireless Economy Monitor with chair pad and pager case,FG3C45-SYS/CS,,In Commercial Distribution,,https://api.fda.gov/device/udi.json?search=brand_name%3A%22Guardian%22&limit=10,2026-06-26
openFDA-US,Guardian Sensor 3,Medtronic,M6842510TR121,HIBCC,GUARDIAN®,Microport Orthopedics Inc.,,2510TR12,,In Commercial Distribution,,https://api.fda.gov/device/udi.json?search=brand_name%3A%22Guardian%22&limit=10,2026-06-26
openFDA-US,Guardian Sensor 3,Medtronic,07613327380361,GS1,Pivot Guardian,STRYKER CORPORATION,PostFree Frame,3105000100,,In Commercial Distribution,,https://api.fda.gov/device/udi.json?search=brand_name%3A%22Guardian%22&limit=10,2026-06-26
openFDA-US,Guardian Sensor 3,Medtronic,00713980007333,GS1,GUARDIAN LINER,"Alps South, LLC",Guardian Liner 20-3 w/gripgel,GLBK20-3,,Not in Commercial Distribution,,https://api.fda.gov/device/udi.json?search=brand_name%3A%22Guardian%22&limit=10,2026-06-26
openFDA-US,Guardian Sensor 3,Medtronic,M684251060131,HIBCC,GUARDIAN®,Microport Orthopedics Inc.,,25106013,,In Commercial Distribution,,https://api.fda.gov/device/udi.json?search=brand_name%3A%22Guardian%22&limit=10,2026-06-26
openFDA-US,Guardian Sensor 3,Medtronic,00193033068649,GS1,GUARDIAN,FGX INTERNATIONAL INC.,,10700339.VER,,In Commercial Distribution,,https://api.fda.gov/device/udi.json?search=brand_name%3A%22Guardian%22&limit=10,2026-06-26
openFDA-US,Guardian Sensor 3,Medtronic,M684251076021,HIBCC,GUARDIAN®,Microport Orthopedics Inc.,,25107602,,In Commercial Distribution,,https://api.fda.gov/device/udi.json?search=brand_name%3A%22Guardian%22&limit=10,2026-06-26
openFDA-US,Guardian Sensor 3,Medtronic,00812293013335,GS1,Fall Guardian,Smart Caregiver Corporation,Fall Guardian Basic Monitor and bed sensor pad,FG1BR1-SYS,,In Commercial Distribution,,https://api.fda.gov/device/udi.json?search=brand_name%3A%22Guardian%22&limit=10,2026-06-26
openFDA-US,Guardian Sensor 3,Medtronic,M684250010151,HIBCC,GUARDIAN®,Microport Orthopedics Inc.,GUARDIAN® STRAIGHT STEM 15mm X 152mm TTnm. w/POROUS COLLAR,25001015,,In Commercial Distribution,,https://api.fda.gov/device/udi.json?search=brand_name%3A%22Guardian%22&limit=10,2026-06-26
openFDA-US,Guardian Link Transmitter,Medtronic,M684251023051,HIBCC,GUARDIAN®,Microport Orthopedics Inc.,,25102305,,In Commercial Distribution,,https://api.fda.gov/device/udi.json?search=brand_name%3A%22Guardian%22&limit=10,2026-06-26
openFDA-US,Guardian Link Transmitter,Medtronic,00812293015438,GS1,Fall Guardian,Smart Caregiver Corporation,Fall Guardian Wireless Economy Monitor with chair pad and pager case,FG3C45-SYS/CS,,In Commercial Distribution,,https://api.fda.gov/device/udi.json?search=brand_name%3A%22Guardian%22&limit=10,2026-06-26
openFDA-US,Guardian Link Transmitter,Medtronic,M6842510TR121,HIBCC,GUARDIAN®,Microport Orthopedics Inc.,,2510TR12,,In Commercial Distribution,,https://api.fda.gov/device/udi.json?search=brand_name%3A%22Guardian%22&limit=10,2026-06-26
openFDA-US,Guardian Link Transmitter,Medtronic,07613327380361,GS1,Pivot Guardian,STRYKER CORPORATION,PostFree Frame,3105000100,,In Commercial Distribution,,https://api.fda.gov/device/udi.json?search=brand_name%3A%22Guardian%22&limit=10,2026-06-26
openFDA-US,Guardian Link Transmitter,Medtronic,00713980007333,GS1,GUARDIAN LINER,"Alps South, LLC",Guardian Liner 20-3 w/gripgel,GLBK20-3,,Not in Commercial Distribution,,https://api.fda.gov/device/udi.json?search=brand_name%3A%22Guardian%22&limit=10,2026-06-26
openFDA-US,Guardian Link Transmitter,Medtronic,M684251060131,HIBCC,GUARDIAN®,Microport Orthopedics Inc.,,25106013,,In Commercial Distribution,,https://api.fda.gov/device/udi.json?search=brand_name%3A%22Guardian%22&limit=10,2026-06-26
openFDA-US,Guardian Link Transmitter,Medtronic,00193033068649,GS1,GUARDIAN,FGX INTERNATIONAL INC.,,10700339.VER,,In Commercial Distribution,,https://api.fda.gov/device/udi.json?search=brand_name%3A%22Guardian%22&limit=10,2026-06-26
openFDA-US,Guardian Link Transmitter,Medtronic,M684251076021,HIBCC,GUARDIAN®,Microport Orthopedics Inc.,,25107602,,In Commercial Distribution,,https://api.fda.gov/device/udi.json?search=brand_name%3A%22Guardian%22&limit=10,2026-06-26
openFDA-US,Guardian Link Transmitter,Medtronic,00812293013335,GS1,Fall Guardian,Smart Caregiver Corporation,Fall Guardian Basic Monitor and bed sensor pad,FG1BR1-SYS,,In Commercial Distribution,,https://api.fda.gov/device/udi.json?search=brand_name%3A%22Guardian%22&limit=10,2026-06-26
openFDA-US,Guardian Link Transmitter,Medtronic,M684250010151,HIBCC,GUARDIAN®,Microport Orthopedics Inc.,GUARDIAN® STRAIGHT STEM 15mm X 152mm TTnm. w/POROUS COLLAR,25001015,,In Commercial Distribution,,https://api.fda.gov/device/udi.json?search=brand_name%3A%22Guardian%22&limit=10,2026-06-26
openFDA-US,Omnipod 5 Pod,Insulet,10385084000250,GS1,Omnipod Go Insulin Delivery Device 25U/day,Insulet Corporation,Omnipod Go Insulin Delivery Device 25U/day,POD-INS-I1-2525,,In Commercial Distribution,,https://api.fda.gov/device/udi.json?search=brand_name%3A%22Omnipod%22&limit=10,2026-06-26
openFDA-US,Omnipod 5 Pod,Insulet,10385083000336,GS1,Omnipod 5 Controller APP,Insulet Corporation,Omnipod 5 Controller APP iOS V1.x,M009-S-AP,,In Commercial Distribution,,https://api.fda.gov/device/udi.json?search=brand_name%3A%22Omnipod%22&limit=10,2026-06-26
openFDA-US,Omnipod 5 Pod,Insulet,10385081120265,GS1,Omnipod (Dash) Display App.,Insulet Corporation,Omnipod Display is secondary display app,1.3.1,,Not in Commercial Distribution,,https://api.fda.gov/device/udi.json?search=brand_name%3A%22Omnipod%22&limit=10,2026-06-26
openFDA-US,Omnipod 5 Pod,Insulet,10385083000152,GS1,Omnipod Discover,Insulet Corporation,Omnipod Data Management System,B010-D-DP,,In Commercial Distribution,,https://api.fda.gov/device/udi.json?search=brand_name%3A%22Omnipod%22&limit=10,2026-06-26
openFDA-US,Omnipod 5 Pod,Insulet,10385084000106,GS1,Omnipod Go Insulin Delivery Device 10U/day POD,Insulet Corporation,Omnipod Go Insulin Delivery Device 10U/day POD,POD-INS-I1-1025,,In Commercial Distribution,,https://api.fda.gov/device/udi.json?search=brand_name%3A%22Omnipod%22&limit=10,2026-06-26
openFDA-US,Omnipod 5 Pod,Insulet,10385083000114,GS1,Omnipod 5 Pod,Insulet Corporation,Omnipod 5 Pod,POD-BLE-H1-520,,In Commercial Distribution,,https://api.fda.gov/device/udi.json?search=brand_name%3A%22Omnipod%22&limit=10,2026-06-26
openFDA-US,Omnipod 5 Pod,Insulet,10385081120036,GS1,Omnipod,Insulet Corporation,Omnipod Pod,ZXP420,,In Commercial Distribution,,https://api.fda.gov/device/udi.json?search=brand_name%3A%22Omnipod%22&limit=10,2026-06-26
openFDA-US,Omnipod 5 Pod,Insulet,10385084000304,GS1,Omnipod Go Insulin Delivery Device 30U/day,Insulet Corporation,Omnipod Go Insulin Delivery Device 30U/day,POD-INS-I1-3025,,In Commercial Distribution,,https://api.fda.gov/device/udi.json?search=brand_name%3A%22Omnipod%22&limit=10,2026-06-26
openFDA-US,Omnipod 5 Pod,Insulet,10385084000151,GS1,Omnipod Go Insulin Delivery Device 15U/day,Insulet Corporation,Omnipod Go Insulin Delivery Device 15U/day,POD-INS-I1-1525,,In Commercial Distribution,,https://api.fda.gov/device/udi.json?search=brand_name%3A%22Omnipod%22&limit=10,2026-06-26
openFDA-US,Omnipod 5 Pod,Insulet,10385083000527,GS1,Omnipod 5 Pod,Insulet Corporation,Omnipod 5 Pod,POD-OMNI-I1-6720,,In Commercial Distribution,,https://api.fda.gov/device/udi.json?search=brand_name%3A%22Omnipod%22&limit=10,2026-06-26
openFDA-US,t:slim X2 Cartridge,Tandem,00853052007240,GS1,"t:slim X2 Pump, Replacement, Refurb.","Tandem Diabetes Care, Inc.","t:slim X2 Pump, Replacement, Refurb.",1000353,,In Commercial Distribution,,https://api.fda.gov/device/udi.json?search=brand_name%3A%22t%3Aslim%20X2%22&limit=10,2026-06-26
openFDA-US,t:slim X2 Cartridge,Tandem,00853052007301,GS1,t:slim X2 Insulin Pump with Basal-IQ,"Tandem Diabetes Care, Inc.","t:slim X2 Insulin Pump with Basal-IQ, Reconditioned, 6.0",1000898,,In Commercial Distribution,,https://api.fda.gov/device/udi.json?search=brand_name%3A%22t%3Aslim%20X2%22&limit=10,2026-06-26
openFDA-US,t:slim X2 Cartridge,Tandem,00850006613380,GS1,t:slim X2 Insulin Pump with Basal-IQ,"Tandem Diabetes Care, Inc.","t:slim X2 Insulin Pump with Basal-IQ, 6.3.x, Refurbished",1005706,,In Commercial Distribution,,https://api.fda.gov/device/udi.json?search=brand_name%3A%22t%3Aslim%20X2%22&limit=10,2026-06-26
openFDA-US,t:slim X2 Cartridge,Tandem,00389152407012,GS1,t:slim X2 Insulin Pump with Control-IQ+ Technology,"Tandem Diabetes Care, Inc.",Control-IQ 7.x,1014070,,In Commercial Distribution,,https://api.fda.gov/device/udi.json?search=brand_name%3A%22t%3Aslim%20X2%22&limit=10,2026-06-26
openFDA-US,t:slim X2 Cartridge,Tandem,00389152000916,GS1,t:slim X2 Insulin Pump with Control-IQ,"Tandem Diabetes Care, Inc.","t:slim X2 Insulin Pump with Control-IQ, 7.6.x",1009637,,In Commercial Distribution,,https://api.fda.gov/device/udi.json?search=brand_name%3A%22t%3Aslim%20X2%22&limit=10,2026-06-26
openFDA-US,t:slim X2 Cartridge,Tandem,00389152407111,GS1,t:slim X2 Insulin Pump with Control-IQ+ Technology,"Tandem Diabetes Care, Inc.","Control-IQ+ 7.x, Medicare",1014071,,In Commercial Distribution,,https://api.fda.gov/device/udi.json?search=brand_name%3A%22t%3Aslim%20X2%22&limit=10,2026-06-26
openFDA-US,t:slim X2 Cartridge,Tandem,00389152000107,GS1,t:slim X2 Insulin Pump with Control-IQ,"Tandem Diabetes Care, Inc.","t:slim X2 Insulin Pump with Control-IQ, 7.6.x, Refurbished Replacement",1009643,,In Commercial Distribution,,https://api.fda.gov/device/udi.json?search=brand_name%3A%22t%3Aslim%20X2%22&limit=10,2026-06-26
openFDA-US,t:slim X2 Cartridge,Tandem,00850006613786,GS1,t:slim X2 Insulin Pump with Control-IQ,"Tandem Diabetes Care, Inc.","t:slim X2 Insulin Pump with Control-IQ, 7.4.x, Replacement",1006406,,In Commercial Distribution,,https://api.fda.gov/device/udi.json?search=brand_name%3A%22t%3Aslim%20X2%22&limit=10,2026-06-26
openFDA-US,t:slim X2 Cartridge,Tandem,00850006613724,GS1,t:slim X2 Insulin Pump with Basal-IQ,"Tandem Diabetes Care, Inc.","t:slim X2 Insulin Pump with Basal-IQ, 6.4.x, Replacement",1006377,,In Commercial Distribution,,https://api.fda.gov/device/udi.json?search=brand_name%3A%22t%3Aslim%20X2%22&limit=10,2026-06-26
openFDA-US,t:slim X2 Cartridge,Tandem,00853052007325,GS1,t:slim X2 Insulin Pump with Basal-IQ,"Tandem Diabetes Care, Inc.","t:slim X2 Insulin Pump with Basal-IQ, Refurbished, 6.0",1000912,,In Commercial Distribution,,https://api.fda.gov/device/udi.json?search=brand_name%3A%22t%3Aslim%20X2%22&limit=10,2026-06-26
openFDA-US,MiniMed Reservoir,Medtronic,00643169404274,GS1,MiniMed® 530G,"MEDTRONIC MINIMED, INC.",PUMP MMT-551NAL PRDGM 1.8ML V1.1F CL EN,MMT-551NAL,,In Commercial Distribution,,https://api.fda.gov/device/udi.json?search=brand_name%3A%22MiniMed%22&limit=10,2026-06-26
openFDA-US,MiniMed Reservoir,Medtronic,00763000173043,GS1,MiniMed® 670G,"MEDTRONIC MINIMED, INC.",PUMP MMT-1780KP 670G V4.10 SF MG PW,MMT-1780KP,,In Commercial Distribution,,https://api.fda.gov/device/udi.json?search=brand_name%3A%22MiniMed%22&limit=10,2026-06-26
openFDA-US,MiniMed Reservoir,Medtronic,00763000072520,GS1,MiniMed® 630G,"MEDTRONIC MINIMED, INC.",PUMP MMT-1715KL 630G V2.8 BK SF MG,MMT-1715KL,,In Commercial Distribution,,https://api.fda.gov/device/udi.json?search=brand_name%3A%22MiniMed%22&limit=10,2026-06-26
openFDA-US,MiniMed Reservoir,Medtronic,00643169507302,GS1,MiniMed® 530G,"MEDTRONIC MINIMED, INC.",PUMP MMT-551PNAS PRDGM V3.0 SK US PW,MMT-551PNAS,,In Commercial Distribution,,https://api.fda.gov/device/udi.json?search=brand_name%3A%22MiniMed%22&limit=10,2026-06-26
openFDA-US,MiniMed Reservoir,Medtronic,00643169771437,GS1,MiniMed Reservoir,"MEDTRONIC MINIMED, INC.",RSVR MMT-326A 10PK PDGM 1.8ML 21L 3YR,MMT-326A,,In Commercial Distribution,,https://api.fda.gov/device/udi.json?search=brand_name%3A%22MiniMed%22&limit=10,2026-06-26
openFDA-US,MiniMed Reservoir,Medtronic,05705244016507,GS1,MiniMed™ Mio™ Advance,Unomedical A/S,Single use infusion set for subcutaneous infusion. The infusion set must be used as described in the Instruction for Use.,MMT-242T,,In Commercial Distribution,,https://api.fda.gov/device/udi.json?search=brand_name%3A%22MiniMed%22&limit=10,2026-06-26
openFDA-US,MiniMed Reservoir,Medtronic,00763000416669,GS1,MiniMed ™ Mobile,"MEDTRONIC MINIMED, INC.",SFTWR MMT-6101 AHCL APP 1.3.2 ANDROID,MMT-6101,,In Commercial Distribution,,https://api.fda.gov/device/udi.json?search=brand_name%3A%22MiniMed%22&limit=10,2026-06-26
openFDA-US,MiniMed Reservoir,Medtronic,00643169503625,GS1,MiniMed® 530G,"MEDTRONIC MINIMED, INC.",PUMP MMT-551NAB PRDGM 1.8 V3.0 BL EN,MMT-551NAB,,In Commercial Distribution,,https://api.fda.gov/device/udi.json?search=brand_name%3A%22MiniMed%22&limit=10,2026-06-26
openFDA-US,MiniMed Reservoir,Medtronic,00643169873834,GS1,MiniMed® 630G,"MEDTRONIC MINIMED, INC.",PUMP MMT-1715KM 630G V2.8 BK SF MG,MMT-1715KM,,In Commercial Distribution,,https://api.fda.gov/device/udi.json?search=brand_name%3A%22MiniMed%22&limit=10,2026-06-26
openFDA-US,MiniMed Reservoir,Medtronic,05705244018068,GS1,Minimed™ Quick-set™,Unomedical A/S,Single use infusion set for subcutaneous infusion. The infusion set must be used as described in the Instruction for Use.,MMT-396A,,In Commercial Distribution,,https://api.fda.gov/device/udi.json?search=brand_name%3A%22MiniMed%22&limit=10,2026-06-26
openFDA-US,Silhouette Infusion Set,Medtronic,05705244020610,GS1,Silhouette® Paradigm®,Unomedical A/S,Single use infusion set for subcutaneous infusion.  The infusion set must be used as described in the Instruction for Use.,MMT-381T,,Not in Commercial Distribution,,https://api.fda.gov/device/udi.json?search=brand_name%3A%22Silhouette%22&limit=10,2026-06-26
openFDA-US,Silhouette Infusion Set,Medtronic,00816711021841,GS1,"BREATHING CIR,SILHOUETTE,MEDIU",PARKER-HANNIFIN CORPORATION,"BREATHING CIR,SILHOUETTE,MEDIU",SILHOUETTEMD,,In Commercial Distribution,,https://api.fda.gov/device/udi.json?search=brand_name%3A%22Silhouette%22&limit=10,2026-06-26
openFDA-US,Silhouette Infusion Set,Medtronic,00190707007201,GS1,Silhouette,"Ortho Organizers, Inc.",Silhouette .018 Kit U/L 5x5 Roth HKS,2886-0461,,Not in Commercial Distribution,,https://api.fda.gov/device/udi.json?search=brand_name%3A%22Silhouette%22&limit=10,2026-06-26
openFDA-US,Silhouette Infusion Set,Medtronic,00745129268305,GS1,170 Soft Silhouette Leggings,SIGVARIS INC,"A tube-like garment made of elastic material(e.g., circular knit nylon and spandex yarns) that exerts a pressure upon the limb upon which it is fitted (typically a leg, but some types may be used on an arm), primarily to improve venous return to treat/prevent one or more disorders of circulation(e.g. oedema, deep vein thrombosis (DVT), varicosis). It might be referred to as a compression stocking or flight sock and may be intended to apply a graduated pressure across a limb,however it is not intended to support an injured joint. It is normally available (non-prescription) over-the-counter (OTC) for home-use and/or for hospitalized or institutionalized patients. This is a reusable device.",170L,,In Commercial Distribution,,https://api.fda.gov/device/udi.json?search=brand_name%3A%22Silhouette%22&limit=10,2026-06-26
openFDA-US,Silhouette Infusion Set,Medtronic,00816711021827,GS1,"BREATHING CIR,SILHOUETTE,PEDTR",PARKER-HANNIFIN CORPORATION,"BREATHING CIR,SILHOUETTE,PEDTR",SILHOUETTEPD,,In Commercial Distribution,,https://api.fda.gov/device/udi.json?search=brand_name%3A%22Silhouette%22&limit=10,2026-06-26
openFDA-US,Silhouette Infusion Set,Medtronic,00816711024095,GS1,"SILHOUETTE 2 CIRCUIT,SM,24 PK",PARKER-HANNIFIN CORPORATION,"SILHOUETTE 2 CIRCUIT,SM,24 PK",SIL2-SM-24,,In Commercial Distribution,,https://api.fda.gov/device/udi.json?search=brand_name%3A%22Silhouette%22&limit=10,2026-06-26
openFDA-US,Silhouette Infusion Set,Medtronic,00190707007959,GS1,Silhouette,"Ortho Organizers, Inc.",Silhouette .018 LR4 HK -17T 0A 0O,2886-377-5,,Not in Commercial Distribution,,https://api.fda.gov/device/udi.json?search=brand_name%3A%22Silhouette%22&limit=10,2026-06-26
openFDA-US,Silhouette Infusion Set,Medtronic,05705244008892,GS1,Silhouette® Paradigm®,Unomedical A/S,Single use infusion set for subcutaneous infusion. The infusion set must be used as described in the Instruction for Use.,MMT-383,,Not in Commercial Distribution,,https://api.fda.gov/device/udi.json?search=brand_name%3A%22Silhouette%22&limit=10,2026-06-26
openFDA-US,Silhouette Infusion Set,Medtronic,00607915112332,GS1,Silhouette® Comfort Ureteral Stent,APPLIED MEDICAL RESOURCES CORPORATION,Temporary indwelling ureteral catheter to assist in urine drainage.,B3836,,In Commercial Distribution,,https://api.fda.gov/device/udi.json?search=brand_name%3A%22Silhouette%22&limit=10,2026-06-26
openFDA-US,Silhouette Infusion Set,Medtronic,05705244024991,GS1,MiniMed™ Silhouette™,Unomedical A/S,Single use infusion set for subcutaneous infusion. The infusion set must be used as described in the Instruction for Use.,MMT-381AT,,In Commercial Distribution,,https://api.fda.gov/device/udi.json?search=brand_name%3A%22Silhouette%22&limit=10,2026-06-26
openFDA-US,Extended Infusion Set,Medtronic,10197106496831,GS1,CARDINAL HEALTH,"Cardinal Health 200, LLC","KIT,IV INFUSION ID 316309",IVS3356161,,In Commercial Distribution,,https://api.fda.gov/device/udi.json?search=device_description%3A%22Infusion%22&limit=10,2026-06-26
openFDA-US,Extended Infusion Set,Medtronic,10885403235535,GS1,"Alaris, SmartSite",BD Switzerland Sàrl,"Pump Infusion Set, Back Check Valve, 4-Way Stopcock, 3 Y-Sites 386 cm (152 in) Extension Set, with Connector 22 cm (9 in)",C24104E,,In Commercial Distribution,,https://api.fda.gov/device/udi.json?search=device_description%3A%22Infusion%22&limit=10,2026-06-26
openFDA-US,Extended Infusion Set,Medtronic,00841668110690,GS1,Ophthalmic Cannula,"KATENA PRODUCTS, INC.",HESLIN INFUSION CANNULA 25GA,K7-6700,,In Commercial Distribution,,https://api.fda.gov/device/udi.json?search=device_description%3A%22Infusion%22&limit=10,2026-06-26
openFDA-US,Extended Infusion Set,Medtronic,15051684013819,GS1,UniFuse,"Angiodynamics, Inc.",UniFuse Infusion System w/ Cooper Wire,H787124018090,,In Commercial Distribution,,https://api.fda.gov/device/udi.json?search=device_description%3A%22Infusion%22&limit=10,2026-06-26
openFDA-US,Extended Infusion Set,Medtronic,46971564466743,GS1,Medcomp,"Jiangsu Caina Medical Co.,Ltd",Safety Huber Needle Infusion Set,"19G*5/8"" (15mm)",,In Commercial Distribution,,https://api.fda.gov/device/udi.json?search=device_description%3A%22Infusion%22&limit=10,2026-06-26
openFDA-US,Extended Infusion Set,Medtronic,00812460028643,GS1,Rospital Productos Medicos,ATLAS MEDICAL PRODUCTS LLC,"I.V. INFUSION SET, LUER LOCK, NO NEEDLE, STERILE. 1EA.",VINLL,,In Commercial Distribution,,https://api.fda.gov/device/udi.json?search=device_description%3A%22Infusion%22&limit=10,2026-06-26
openFDA-US,Extended Infusion Set,Medtronic,00827002051331,GS1,Dieckmann,COOK INCORPORATED,Dieckmann Intraosseous Infusion Needle 45 Degree Trocar - Pediatric Use (Less than 24 months),G05133,,In Commercial Distribution,,https://api.fda.gov/device/udi.json?search=device_description%3A%22Infusion%22&limit=10,2026-06-26
openFDA-US,Extended Infusion Set,Medtronic,00884908029048,GS1,N/AN/A,"Medical Components, Inc.",7F X 20CM TRIPLE LUMEN7F X 20CM INFUSION CATHETER KITINFUSION CA,MC3L-8K,,Not in Commercial Distribution,,https://api.fda.gov/device/udi.json?search=device_description%3A%22Infusion%22&limit=10,2026-06-26
openFDA-US,Extended Infusion Set,Medtronic,03661234017614,GS1,Polysite,PEROUSE MEDICAL,POLYSITE Implantable Infusion Port,3017C,,In Commercial Distribution,,https://api.fda.gov/device/udi.json?search=device_description%3A%22Infusion%22&limit=10,2026-06-26
openFDA-US,Extended Infusion Set,Medtronic,00646311550232,GS1,PORT ACCESS INFUSION SET,"SB-KAWASUMI LABORATORIES, INC.","Access needle with Infusion Set used for the delivery of medications to indwelling medication ports. Fluid administered through the Port Access Infusion Set are those generally used in hospitals, and for chemotherapy.",PI03001,,In Commercial Distribution,,https://api.fda.gov/device/udi.json?search=device_description%3A%22Infusion%22&limit=10,2026-06-26
openFDA-US,iLet Cartridge,Beta Bionics,05705244027114,GS1,iLet Flex,Unomedical A/S,"ilet Flex, 6mm, 80cm 2pack",FG000063-05,,In Commercial Distribution,,https://api.fda.gov/device/udi.json?search=brand_name%3A%22iLet%22&limit=10,2026-06-26
openFDA-US,iLet Cartridge,Beta Bionics,05705244026995,GS1,iLet Flex,Unomedical A/S,"ilet Flex, 9mm, 60cm 10 pack",FG000063-10,,In Commercial Distribution,,https://api.fda.gov/device/udi.json?search=brand_name%3A%22iLet%22&limit=10,2026-06-26
openFDA-US,iLet Cartridge,Beta Bionics,00850050080060,GS1,iLet Cartridge Kit,"Beta Bionics, Inc.",For use with the iLet Bionic Pancreas,Insulin Only,,In Commercial Distribution,,https://api.fda.gov/device/udi.json?search=brand_name%3A%22iLet%22&limit=10,2026-06-26
openFDA-US,iLet Cartridge,Beta Bionics,00850050080275,GS1,"iLet Contact Detach Insulin Infusion Set (23”, 6mm)","Beta Bionics, Inc.",Insulin Infusion Sets for use with the iLet Bionic Pancreas,Insulin Only,,In Commercial Distribution,,https://api.fda.gov/device/udi.json?search=brand_name%3A%22iLet%22&limit=10,2026-06-26
openFDA-US,iLet Cartridge,Beta Bionics,00850050080220,GS1,"iLet Insulin Infusion Kit – Contact Detach (23”, 6mm) 15-Pack (Pharmacy Kit)","Beta Bionics, Inc.",Pharmacy kit for use with the iLet Bionic Pancreas,Insulin Only,,In Commercial Distribution,,https://api.fda.gov/device/udi.json?search=brand_name%3A%22iLet%22&limit=10,2026-06-26
openFDA-US,iLet Cartridge,Beta Bionics,00850050080282,GS1,"iLet Inset Insulin Infusion Set (23”, 6mm)","Beta Bionics, Inc.",Insulin Infusion Sets for use with the iLet Bionic Pancreas,Insulin Only,,In Commercial Distribution,,https://api.fda.gov/device/udi.json?search=brand_name%3A%22iLet%22&limit=10,2026-06-26
openFDA-US,iLet Cartridge,Beta Bionics,05705244027176,GS1,iLet Flex,Unomedical A/S,"ilet Flex, 9mm, 60cm 2 pack",FG000063-09,,In Commercial Distribution,,https://api.fda.gov/device/udi.json?search=brand_name%3A%22iLet%22&limit=10,2026-06-26
openFDA-US,iLet Cartridge,Beta Bionics,05705244026872,GS1,iLet Flex,Unomedical A/S,"ilet Flex, 6mm, 46cm 10 pack",FG000063-02,,In Commercial Distribution,,https://api.fda.gov/device/udi.json?search=brand_name%3A%22iLet%22&limit=10,2026-06-26
openFDA-US,iLet Cartridge,Beta Bionics,05705244027053,GS1,iLet Flex,Unomedical A/S,"ilet Flex, 6mm, 46cm 2 pack",FG000063-01,,In Commercial Distribution,,https://api.fda.gov/device/udi.json?search=brand_name%3A%22iLet%22&limit=10,2026-06-26
openFDA-US,iLet Cartridge,Beta Bionics,00850050080367,GS1,iLet Insulin Infusion Kit,"Beta Bionics, Inc.",Pharmacy kit for use with the iLet Bionic Pancreas,Insulin Only,,In Commercial Distribution,,https://api.fda.gov/device/udi.json?search=brand_name%3A%22iLet%22&limit=10,2026-06-26
openFDA-US,mylife YpsoPump Cartridge,Ypsomed,08426951027255,GS1,GEM Premier 5000 PAK BG COOX TBILI (450 TEST),INSTRUMENTATION LABORATORY COMPANY,"GEM 5000 BG COOX TBILI 450 Test PAK 31 DAY  (pH, pCO2, pO2, Hct, tHb, O2Hb, COHb, HHb, MetHb, sO2, tBili Cartridge)",00055445005XC,,In Commercial Distribution,,https://api.fda.gov/device/udi.json?search=device_description%3A%22Cartridge%22&limit=10,2026-06-26
openFDA-US,mylife YpsoPump Cartridge,Ypsomed,00630414444581,GS1,RAPIDPoint® 400/405/500 Wash/Waste Cartridge,Siemens Healthcare Diagnostics Inc.,RAPIDPoint® 400/405/500 Wash/Waste Cartridge is an in vitro diagnostics device which is intended to be used on the RAPIDPoint® 400/405/500 analyzers.,10310310,,In Commercial Distribution,,https://api.fda.gov/device/udi.json?search=device_description%3A%22Cartridge%22&limit=10,2026-06-26
openFDA-US,mylife YpsoPump Cartridge,Ypsomed,00811099010500,GS1,ReNew,"MICROLINE SURGICAL, INC.","Clip/Scissor Procedure Kit, M/L-10 Cartridge 19 clips(1), Endocut Scissor Tip (1)",1242,,In Commercial Distribution,,https://api.fda.gov/device/udi.json?search=device_description%3A%22Cartridge%22&limit=10,2026-06-26
openFDA-US,mylife YpsoPump Cartridge,Ypsomed,00615233000422,GS1,Tissue-Tek Genie®,"SAKURA FINETEK U.S.A., INC.","anti-Melanosome Mouse Monoclonal Antibody [HMB45], 1 RTU cartridge",8232-M250,,In Commercial Distribution,,https://api.fda.gov/device/udi.json?search=device_description%3A%22Cartridge%22&limit=10,2026-06-26
openFDA-US,mylife YpsoPump Cartridge,Ypsomed,14026704711861,GS1,RUSCH,TELEFLEX INCORPORATED,RUSCH GREENLED  BATTERY CARTRIDGE: MEDIUM,IPN915506,,In Commercial Distribution,,https://api.fda.gov/device/udi.json?search=device_description%3A%22Cartridge%22&limit=10,2026-06-26
openFDA-US,mylife YpsoPump Cartridge,Ypsomed,10852528005930,GS1,Diamondback Peripheral,"Cardiovascular Systems, Inc.","Diamondback Peripheral, Exchangeable Series, Cartridge, 1.25 Solid, 145 cm shaft, 120 krpm High Speed, 90 krpm Medium Speed, 60 krpm Low Speed",DBP-CART-125SOL145,,In Commercial Distribution,,https://api.fda.gov/device/udi.json?search=device_description%3A%22Cartridge%22&limit=10,2026-06-26
openFDA-US,mylife YpsoPump Cartridge,Ypsomed,08426950595878,GS1,QUANTA Flash® Ro60 Reagents,"INOVA DIAGNOSTICS, INC.","1 QUANTA Flash Ro60 Reagent Cartridge
1 Resuspension buffer 
1 Transfer pipette",701148,,In Commercial Distribution,,https://api.fda.gov/device/udi.json?search=device_description%3A%22Cartridge%22&limit=10,2026-06-26
openFDA-US,mylife YpsoPump Cartridge,Ypsomed,00841668127858,GS1,STAAR CARTRIDGE HOLDER,"KATENA PRODUCTS, INC.",STAAR CARTRIDGE HOLDER,AE-1579,,In Commercial Distribution,,https://api.fda.gov/device/udi.json?search=device_description%3A%22Cartridge%22&limit=10,2026-06-26
openFDA-US,mylife YpsoPump Cartridge,Ypsomed,00889795141354,GS1,Phantom Hindfoot TTC/TC Nail System,"Paragon 28, Inc.","Phantom Curved Nail, K-Wire Cartridge",P32-970-0002,,In Commercial Distribution,,https://api.fda.gov/device/udi.json?search=device_description%3A%22Cartridge%22&limit=10,2026-06-26
openFDA-US,mylife YpsoPump Cartridge,Ypsomed,08809447651446,GS1,N/A,Lutronic Corporation,Clarity ICD CARTRIDGE SET,ICD CARTRIDGE SET,,In Commercial Distribution,,https://api.fda.gov/device/udi.json?search=device_description%3A%22Cartridge%22&limit=10,2026-06-26
openFDA-US,mylife Orbit Infusion Set,Ypsomed,10840935109495,GS1,Orbit K,"SUNTECH MEDICAL, INC.",,98-0061-26,,In Commercial Distribution,,https://api.fda.gov/device/udi.json?search=brand_name%3A%22Orbit%22&limit=10,2026-06-26
openFDA-US,mylife Orbit Infusion Set,Ypsomed,00195411400508,GS1,Orbit,"COLLEGE PARK INDUSTRIES, INC.","Orbit Foot, Endo IP, 24cm, Category 5",OR EN 24 D5,,In Commercial Distribution,,https://api.fda.gov/device/udi.json?search=brand_name%3A%22Orbit%22&limit=10,2026-06-26
openFDA-US,mylife Orbit Infusion Set,Ypsomed,10840935102410,GS1,Orbit,"SUNTECH MEDICAL, INC.",,98-0123-04,,In Commercial Distribution,,https://api.fda.gov/device/udi.json?search=brand_name%3A%22Orbit%22&limit=10,2026-06-26
openFDA-US,mylife Orbit Infusion Set,Ypsomed,04052838015448,GS1,Orbit-Snare,Medi-Globe GmbH,"Orbit-Snare, Rotatable Polypectomy Snare Hexagonal, Loop Diameter 25 mm, Catheter Diameter 2.5 mm, Sheath Length 230 cm",02-25-230,,In Commercial Distribution,,https://api.fda.gov/device/udi.json?search=brand_name%3A%22Orbit%22&limit=10,2026-06-26
openFDA-US,mylife Orbit Infusion Set,Ypsomed,10886704029809,GS1,TRUFILL DCS ORBIT,"Cerenovus, Inc.",TRUFILL DCS ORBIT Detachable Coil 175cm 10mm x 30cm Coil Type: Helical Fill,637HF1030,,Not in Commercial Distribution,,https://api.fda.gov/device/udi.json?search=brand_name%3A%22Orbit%22&limit=10,2026-06-26
openFDA-US,mylife Orbit Infusion Set,Ypsomed,00195411397938,GS1,Orbit,"COLLEGE PARK INDUSTRIES, INC.","Orbit Foot, Right, Brown, Endo IP, 25cm, Category 2",OR RBEN 25 D2,,In Commercial Distribution,,https://api.fda.gov/device/udi.json?search=brand_name%3A%22Orbit%22&limit=10,2026-06-26
openFDA-US,mylife Orbit Infusion Set,Ypsomed,00195411399529,GS1,Orbit,"COLLEGE PARK INDUSTRIES, INC.","Orbit Foot, Right, Jet Black, Endo IP, 29cm, Category 4",OR RJEN 29 D4,,In Commercial Distribution,,https://api.fda.gov/device/udi.json?search=brand_name%3A%22Orbit%22&limit=10,2026-06-26
openFDA-US,mylife Orbit Infusion Set,Ypsomed,10878528008948,GS1,ORBIT GALAXY ENPOWER XTRASOFT,Medos International Sàrl,ORBIT GALAXY G2 microcoil Stretch Resistant Complex XTRASOFT Coil 3mm x 6cm 190cm Contents: 1 Detachable Coil System Coil Type: Stretch Resistant Complex XTRASOFT Coil,641CX0306,,Not in Commercial Distribution,,https://api.fda.gov/device/udi.json?search=brand_name%3A%22Orbit%22&limit=10,2026-06-26
openFDA-US,mylife Orbit Infusion Set,Ypsomed,00195411398799,GS1,Orbit,"COLLEGE PARK INDUSTRIES, INC.","Orbit Foot, Right, Caucasian, Endo IP, 28cm, Category 3",OR RCEN 28 D3,,In Commercial Distribution,,https://api.fda.gov/device/udi.json?search=brand_name%3A%22Orbit%22&limit=10,2026-06-26
openFDA-US,mylife Orbit Infusion Set,Ypsomed,00195411399611,GS1,Orbit,"COLLEGE PARK INDUSTRIES, INC.","Orbit Foot, Right, Jet Black, Endo IP, 30cm, Category 6",OR RJEN 30 D6,,In Commercial Distribution,,https://api.fda.gov/device/udi.json?search=brand_name%3A%22Orbit%22&limit=10,2026-06-26
openFDA-US,NovoPen 6,Novo Nordisk,00301691854591,GS1,NovoPen Echo®,NOVO NORDISK INC.,"NovoPen Echo® is a re-usable pen injector designed for single patient use by diabetics for the self-injection of a desired dose of insulin. The pen injector uses PenFill® 3 mL cartridge of NovoLog®, 100 units/mL (U-100) [insulin aspart injection], Fiasp® 100 units/mL (U-100) [insulin aspart injection], and a single use detachable and disposable pen needle (supplied separately). The pen injector allows the user to dial the desired dose from 0.5 to 30 units in 0.5 unit increments.",185459,,In Commercial Distribution,,https://api.fda.gov/device/udi.json?search=brand_name%3A%22NovoPen%22&limit=10,2026-06-26
openFDA-US,OneTouch Ultra Test Strips,LifeScan,00353885011723,GS1,OneTouch Verio Reflect,LifeScan Europe GmbH,OneTouch Verio Reflect Blood Glucose Monitoring System. Warranty Kit,023-900,,In Commercial Distribution,,https://api.fda.gov/device/udi.json?search=brand_name%3A%22OneTouch%22&limit=10,2026-06-26
openFDA-US,OneTouch Ultra Test Strips,LifeScan,00353885006842,GS1,OneTouch SureSoft,LifeScan Europe GmbH,One Touch SureSoft Single Use Disposable Lancing Device,021-141,,Not in Commercial Distribution,,https://api.fda.gov/device/udi.json?search=brand_name%3A%22OneTouch%22&limit=10,2026-06-26
openFDA-US,OneTouch Ultra Test Strips,LifeScan,00353885012614,GS1,OneTouch Verio,LifeScan Europe GmbH,OneTouch Verio Test Strips. For Blood Glucose testing with OneTouch Verio Family of meters. For in vitro diagnostic use. For self testing.,024-269,,Not in Commercial Distribution,,https://api.fda.gov/device/udi.json?search=brand_name%3A%22OneTouch%22&limit=10,2026-06-26
openFDA-US,OneTouch Ultra Test Strips,LifeScan,00353885458023,GS1,OneTouch Ultra,LifeScan U.S. LLC,One Touch Ultra Control Solution,010-458,,In Commercial Distribution,,https://api.fda.gov/device/udi.json?search=brand_name%3A%22OneTouch%22&limit=10,2026-06-26
openFDA-US,OneTouch Ultra Test Strips,LifeScan,00353885007733,GS1,OneTouch Verio,LifeScan Europe GmbH,OneTouch Verio Blood Glucose Test Strips. In vitro Diagnostic. For Self-testing. Use with OneTouch Verio  Family of Meters,022-270,,In Commercial Distribution,,https://api.fda.gov/device/udi.json?search=brand_name%3A%22OneTouch%22&limit=10,2026-06-26
openFDA-US,OneTouch Ultra Test Strips,LifeScan,00353885010986,GS1,OneTouch Verio Flex,LifeScan Europe GmbH,OneTouch Verio Flex Blood Glucose Monitoring System. For in vitro diagnostic use. For self-testing,023-271,,In Commercial Distribution,,https://api.fda.gov/device/udi.json?search=brand_name%3A%22OneTouch%22&limit=10,2026-06-26
openFDA-US,OneTouch Ultra Test Strips,LifeScan,B553OTREVEALPLUS130,HIBCC,OneTouch Reveal Plus,"WELLDOC, INC.","OneTouch Reveal Plus is a private-labeled version of BlueStarRx.  
DIABETES SUPPORT, ANYTIME ANYWHERE™
BlueStar is not a pill or a shot — it's a completely new kind of approach to support you and help you manage your type 2
diabetes. BlueStar’s real-time coaching fits into your daily life helping you stay on track with your diabetes self-care. It works with
you, struggles with you, achieves with you, and celebrates with you. It can help make living with diabetes easier which makes for
a healthier, happier you.
BlueStar is accessible from your mobile phone, tablet, or computer, and supports your healthcare provider’s instructions while
providing you with diabetes education and motivational support.
COORDINATE YOUR CARE WITH YOUR DOCTOR
Before your next diabetes check-up, you can use BlueStar to send your information to your doctor. This helps your healthcare
provider understand the challenges that you face between appointments so that during your office visit you can discuss a
treatment plan that is just right for you.
INDICATION FOR USE
BlueStar is indicated for use by healthcare providers and their adult patients, aged 21 years and older, who have type 2 diabetes.
BlueStar provides secure capture, storage, and transmission of diabetes data, as well as, motivational, behavioral, and
educational coaching messages to aid in diabetes self-management. BlueStar is not intended to replace the care provided by a
licensed healthcare professional, including prescriptions, diagnosis, or treatment.
CONTRAINDICATIONS: Type 1 diabetes, patients on insulin pumps, patients less than 21 years of age, and women who are
pregnant.
IMPORTANT SAFETY INFORMATION: For medical questions, please contact your healthcare provider. If you are experiencing an
emergency, please dial 911.
Caution: Federal law restricts this device to sale by or on the order of a physician.
For more information visit www.bluestardiabetes.com",v1.3,,Not in Commercial Distribution,,https://api.fda.gov/device/udi.json?search=brand_name%3A%22OneTouch%22&limit=10,2026-06-26
openFDA-US,OneTouch Ultra Test Strips,LifeScan,00353885012478,GS1,OneTouch Verio Reflect,LifeScan Europe GmbH,OneTouch Verio Reflect Blood Glucose Monitoring System. Starter Kit.,024-266,,In Commercial Distribution,,https://api.fda.gov/device/udi.json?search=brand_name%3A%22OneTouch%22&limit=10,2026-06-26
openFDA-US,OneTouch Ultra Test Strips,LifeScan,00353885012683,GS1,OneTouch Ultra Plus,LifeScan Europe GmbH,OneTouch Ultra Plus™ Level 4 Control Solution for Use with OneTouch Ultra Plus Flex™ Meter.,024-282,,In Commercial Distribution,,https://api.fda.gov/device/udi.json?search=brand_name%3A%22OneTouch%22&limit=10,2026-06-26
openFDA-US,OneTouch Ultra Test Strips,LifeScan,00353885002677,GS1,OneTouch Ultramini,LifeScan Europe GmbH,OneTouch Ultramini Blood Glucose Monitoring System with Delica Lancing Device. Uses OneTouch Ultra Blue Test strip,021-911,,Not in Commercial Distribution,,https://api.fda.gov/device/udi.json?search=brand_name%3A%22OneTouch%22&limit=10,2026-06-26
openFDA-US,Contour Next Test Strips,Ascensia,08714729424260,GS1,Contour™,BOSTON SCIENTIFIC CORPORATION,Ureteral Stent Set,M006180232090,,In Commercial Distribution,,https://api.fda.gov/device/udi.json?search=brand_name%3A%22Contour%22&limit=10,2026-06-26
openFDA-US,Contour Next Test Strips,Ascensia,08714729896319,GS1,Contour™ Injection Stent,BOSTON SCIENTIFIC CORPORATION,Injection Stent,M006185607N0,,In Commercial Distribution,,https://api.fda.gov/device/udi.json?search=brand_name%3A%22Contour%22&limit=10,2026-06-26
openFDA-US,Contour Next Test Strips,Ascensia,08714729099789,GS1,Contour ERCP Cannula,BOSTON SCIENTIFIC CORPORATION,ERCP Cannula - Standard Tip,M00530850,,In Commercial Distribution,,https://api.fda.gov/device/udi.json?search=brand_name%3A%22Contour%22&limit=10,2026-06-26
openFDA-US,Contour Next Test Strips,Ascensia,08714729789345,GS1,Contour™,BOSTON SCIENTIFIC CORPORATION,Ureteral Stent Set,M006180524190,,Not in Commercial Distribution,,https://api.fda.gov/device/udi.json?search=brand_name%3A%22Contour%22&limit=10,2026-06-26
openFDA-US,Contour Next Test Strips,Ascensia,00817330023322,GS1,"CT/MR Contour Prostate Template, HDR Sm SMN 2mm","MICK RADIO NUCLEAR INSTRUMENT, INC",,1204-04-2MM,,In Commercial Distribution,,https://api.fda.gov/device/udi.json?search=brand_name%3A%22Contour%22&limit=10,2026-06-26
openFDA-US,Contour Next Test Strips,Ascensia,00816417021152,GS1,"Curve+ Contour, CoolAdvantage Petite","Zeltiq Aesthetics, Inc.","Contour, CoolCurve+, CoolAdvantage Petite",BRZ-CN3-140-000,,In Commercial Distribution,,https://api.fda.gov/device/udi.json?search=brand_name%3A%22Contour%22&limit=10,2026-06-26
openFDA-US,Contour Next Test Strips,Ascensia,00817330023421,GS1,"CT/MR Contour Prostate Template Insert, 2mm lrg","MICK RADIO NUCLEAR INSTRUMENT, INC",,1206-03-2MM,,In Commercial Distribution,,https://api.fda.gov/device/udi.json?search=brand_name%3A%22Contour%22&limit=10,2026-06-26
openFDA-US,Contour Next Test Strips,Ascensia,08714729462125,GS1,Contour™,BOSTON SCIENTIFIC CORPORATION,Ureteral Stent Set,M006180221060,,Not in Commercial Distribution,,https://api.fda.gov/device/udi.json?search=brand_name%3A%22Contour%22&limit=10,2026-06-26
openFDA-US,Contour Next Test Strips,Ascensia,08714729099840,GS1,Contour ERCP Cannula,BOSTON SCIENTIFIC CORPORATION,ERCP Cannula - Ball Tip,M00530890,,In Commercial Distribution,,https://api.fda.gov/device/udi.json?search=brand_name%3A%22Contour%22&limit=10,2026-06-26
openFDA-US,Contour Next Test Strips,Ascensia,08714729744023,GS1,Contour™,BOSTON SCIENTIFIC CORPORATION,Embolization Particles,M0017600450,,In Commercial Distribution,,https://api.fda.gov/device/udi.json?search=brand_name%3A%22Contour%22&limit=10,2026-06-26
openFDA-US,Contour Next One Meter,Ascensia,08714729424260,GS1,Contour™,BOSTON SCIENTIFIC CORPORATION,Ureteral Stent Set,M006180232090,,In Commercial Distribution,,https://api.fda.gov/device/udi.json?search=brand_name%3A%22Contour%22&limit=10,2026-06-26
openFDA-US,Contour Next One Meter,Ascensia,08714729896319,GS1,Contour™ Injection Stent,BOSTON SCIENTIFIC CORPORATION,Injection Stent,M006185607N0,,In Commercial Distribution,,https://api.fda.gov/device/udi.json?search=brand_name%3A%22Contour%22&limit=10,2026-06-26
openFDA-US,Contour Next One Meter,Ascensia,08714729099789,GS1,Contour ERCP Cannula,BOSTON SCIENTIFIC CORPORATION,ERCP Cannula - Standard Tip,M00530850,,In Commercial Distribution,,https://api.fda.gov/device/udi.json?search=brand_name%3A%22Contour%22&limit=10,2026-06-26
openFDA-US,Contour Next One Meter,Ascensia,08714729789345,GS1,Contour™,BOSTON SCIENTIFIC CORPORATION,Ureteral Stent Set,M006180524190,,Not in Commercial Distribution,,https://api.fda.gov/device/udi.json?search=brand_name%3A%22Contour%22&limit=10,2026-06-26
openFDA-US,Contour Next One Meter,Ascensia,00817330023322,GS1,"CT/MR Contour Prostate Template, HDR Sm SMN 2mm","MICK RADIO NUCLEAR INSTRUMENT, INC",,1204-04-2MM,,In Commercial Distribution,,https://api.fda.gov/device/udi.json?search=brand_name%3A%22Contour%22&limit=10,2026-06-26
openFDA-US,Contour Next One Meter,Ascensia,00816417021152,GS1,"Curve+ Contour, CoolAdvantage Petite","Zeltiq Aesthetics, Inc.","Contour, CoolCurve+, CoolAdvantage Petite",BRZ-CN3-140-000,,In Commercial Distribution,,https://api.fda.gov/device/udi.json?search=brand_name%3A%22Contour%22&limit=10,2026-06-26
openFDA-US,Contour Next One Meter,Ascensia,00817330023421,GS1,"CT/MR Contour Prostate Template Insert, 2mm lrg","MICK RADIO NUCLEAR INSTRUMENT, INC",,1206-03-2MM,,In Commercial Distribution,,https://api.fda.gov/device/udi.json?search=brand_name%3A%22Contour%22&limit=10,2026-06-26
openFDA-US,Contour Next One Meter,Ascensia,08714729462125,GS1,Contour™,BOSTON SCIENTIFIC CORPORATION,Ureteral Stent Set,M006180221060,,Not in Commercial Distribution,,https://api.fda.gov/device/udi.json?search=brand_name%3A%22Contour%22&limit=10,2026-06-26
openFDA-US,Contour Next One Meter,Ascensia,08714729099840,GS1,Contour ERCP Cannula,BOSTON SCIENTIFIC CORPORATION,ERCP Cannula - Ball Tip,M00530890,,In Commercial Distribution,,https://api.fda.gov/device/udi.json?search=brand_name%3A%22Contour%22&limit=10,2026-06-26
openFDA-US,Contour Next One Meter,Ascensia,08714729744023,GS1,Contour™,BOSTON SCIENTIFIC CORPORATION,Embolization Particles,M0017600450,,In Commercial Distribution,,https://api.fda.gov/device/udi.json?search=brand_name%3A%22Contour%22&limit=10,2026-06-26
openFDA-US,Lancets (universal),Generic,18032937162567,GS1,Centronail Titanium Universal Femoral Nailing System,ORTHOFIX SRL,CENTRONAIL TITANIUM UNIVERSAL FEMORAL NAIL D.12 MM-L.350 MM,1,,In Commercial Distribution,,https://api.fda.gov/device/udi.json?search=device_description%3A%22universal%22&limit=10,2026-06-26
openFDA-US,Lancets (universal),Generic,14026704659521,GS1,HUDSON RCI,TELEFLEX INCORPORATED,"BRACKET,UNIVERSAL MA-1",IPN913746,,In Commercial Distribution,,https://api.fda.gov/device/udi.json?search=device_description%3A%22universal%22&limit=10,2026-06-26
openFDA-US,Lancets (universal),Generic,00810113683546,GS1,Tailback2-50 CureTech,"Manamed, Inc.","The Tailback2-50 is a universal spinal orthosis designed with our patent pending chord compression system with center hub compression technology. It is designed to provide a rigid, comfortable, and quick fitting solution for every patient. Ice pack included. The Tailback2-50 is an upgrade from the original with a double pulley system to ensure the perfect fit. 
Easy application, universal size
Removable ice pack
Lightweight, latex free breathable material
Double pulley system",TB050-2-CT,,In Commercial Distribution,,https://api.fda.gov/device/udi.json?search=device_description%3A%22universal%22&limit=10,2026-06-26
openFDA-US,Lancets (universal),Generic,10198956409842,GS1,CARDINAL HEALTH,"Cardinal Health 200, LLC",ORTHO UNIVERSAL PACK,SOPOCOULEI,,In Commercial Distribution,,https://api.fda.gov/device/udi.json?search=device_description%3A%22universal%22&limit=10,2026-06-26
openFDA-US,Lancets (universal),Generic,00822409099221,GS1,N/A,Ortho Development Corporation,"Universal Femoral Trial, Right Size 5",265-5502B,,In Commercial Distribution,,https://api.fda.gov/device/udi.json?search=device_description%3A%22universal%22&limit=10,2026-06-26
openFDA-US,Lancets (universal),Generic,00841668134283,GS1,AKAHOSHI UNIVERSAL NUCLEUS SPLITTER,"KATENA PRODUCTS, INC.",AKAHOSHI UNIVERSAL NUCLEUS SPLITTER,AE-4289,,In Commercial Distribution,,https://api.fda.gov/device/udi.json?search=device_description%3A%22universal%22&limit=10,2026-06-26
openFDA-US,Lancets (universal),Generic,07332747214093,GS1,Nobel Biocare N1™,Nobel Biocare AB,Universal Abutment Nobel Biocare N1™ TCC NP 1.5mm,300946,,In Commercial Distribution,,https://api.fda.gov/device/udi.json?search=device_description%3A%22universal%22&limit=10,2026-06-26
openFDA-US,Lancets (universal),Generic,00840348525137,GS1,X-Drape,"AADCO MEDICAL, INC.",UNIVERSAL PACEMAKER DRAPE 82X131,D-1120SE,,In Commercial Distribution,,https://api.fda.gov/device/udi.json?search=device_description%3A%22universal%22&limit=10,2026-06-26
openFDA-US,Lancets (universal),Generic,00842942017520,GS1,PRIMED / Caracal,priMED Medical Products Inc,"PRIMED / Caracal Co-Brand Overhead Film Gown, Thumbloops, Blue, Universal",CPS88335U,,In Commercial Distribution,,https://api.fda.gov/device/udi.json?search=device_description%3A%22universal%22&limit=10,2026-06-26
openFDA-US,Lancets (universal),Generic,10195594824020,GS1,CARDINAL HEALTH,"Cardinal Health 200, LLC",UNIVERSAL BLOCK TRAY 2,34A6939B,,In Commercial Distribution,,https://api.fda.gov/device/udi.json?search=device_description%3A%22universal%22&limit=10,2026-06-26
openFDA-US,Lancing Device,Generic,03760262653396,GS1,Owandy-RX DC,OWANDY RADIOLOGY,"Owandy-RX DC is an X-ray unit, in particular extraoral source of X-rays, intended for intra-oral radiographic exams for diagnostic purposes related to anatomy of teeth and adjacent oral structures both on adult and pediatric patients, using specific x-ray detectors (chemical films, phosphor plates or digital xray sensors) that are not part of the device.","DC OWANDY 115V,SHORT CONE,TOP 110 (16” - 40,64cm)",,In Commercial Distribution,,https://api.fda.gov/device/udi.json?search=device_description%3A%22Device%22&limit=10,2026-06-26
openFDA-US,Lancing Device,Generic,M682711223090,HIBCC,Endoskeleton TL,"TITAN SPINE, LLC",Interbody Fusion Device 12 Degree 50 (M/L) 26 (A/P) 9 mm,7112-2309,,Not in Commercial Distribution,,https://api.fda.gov/device/udi.json?search=device_description%3A%22Device%22&limit=10,2026-06-26
openFDA-US,Lancing Device,Generic,00819824028868,GS1,13x26x0° KODIAK PLIF TRIAL,"MET 1 TECHNOLOGIES, LLC","The Met One Technologies Kodiak Lumbar Spacer System is a lumbar intervertebral body fusion device that is implanted into the vertebral body space to improve stability of the spine while supporting fusion. The Kodiak Lumbar Spacer System may be implanted bilaterally using a posterior (PLIF) approach, or as a single device employing a transformational (TLIF) approach. The implants have a central endplate window to permit packing of autograft and/or allograft bone, teeth on the superior and inferior surfaces, and lateral windows for radiographic visualization. The implants are additively manufactured from Ti-6Al-4V ELI and are available in a variety of heights, footprints, and lordotic configurations to suit individual patient anatomy.",04-2613P0,,In Commercial Distribution,,https://api.fda.gov/device/udi.json?search=device_description%3A%22Device%22&limit=10,2026-06-26
openFDA-US,Lancing Device,Generic,08809457208753,GS1,SI,"Shinhung MST Co., Ltd.","Healing Abutment Ø6.0 RP 
The Luna Dental Implant System is a device of pure titanium(ASTM F67), titanium alloy(ASTM F136) and gold alloy intended to be surgically placed in the bone of the upper or lower arches to provide support for prosthetic devices, such as artificial teeth, and to restore the patient’s chewing function. It consists of fixture, abutment, mount, mount screw, cover screw. The fixture’s surface is S.L.A(Sand- Blasted, Large Grit, Acid-etched) Its materials, dimension, and intended use are similar to devices currently marketed worldwide. 
 The Luna Dental Implant System is intended to be surgically placed in the bone of the upper or lower jaw arches to provide support for prosthetic devices, such as artificial teeth, and to restore the patient’s chewing function",SHAR6035,,In Commercial Distribution,,https://api.fda.gov/device/udi.json?search=device_description%3A%22Device%22&limit=10,2026-06-26
openFDA-US,Lancing Device,Generic,M84932100,HIBCC,Flex-Ez Over the Wire Balloon Dilator,"HOBBS MEDICAL, INC.","A long, thin, flexible tube with an inflatable balloon at its distal tip used to endoscopically dilate gastrointestinal strictures. The balloon is inflated to its prescribed diameter to widen the affected passage of the tract. The device is multi-lumen with radiopaque markers and is wire-guided. This is a single-use device.",3210,,Not in Commercial Distribution,,https://api.fda.gov/device/udi.json?search=device_description%3A%22Device%22&limit=10,2026-06-26
openFDA-US,Lancing Device,Generic,06950900923401,GS1,INT,"Shanghai Kindly Medical Instruments Co., Ltd.","Push-pull Y connector with 15 cm extension tube,45 psi stopcock, torque device, insertion tool;",YCK118A,,In Commercial Distribution,,https://api.fda.gov/device/udi.json?search=device_description%3A%22Device%22&limit=10,2026-06-26
openFDA-US,Lancing Device,Generic,00819824028073,GS1,"KODIAK PLIF IMPLANT 09X22mm, 6°","MET 1 TECHNOLOGIES, LLC","The Met One Technologies Kodiak Lumbar Spacer System is a lumbar intervertebral body fusion device that is implanted into the vertebral body space to improve stability of the spine while supporting fusion. The Kodiak Lumbar Spacer System may be implanted bilaterally using a posterior (PLIF) approach, or as a single device employing a transformational (TLIF) approach. The implants have a central endplate window to permit packing of autograft and/or allograft bone, teeth on the superior and inferior surfaces, and lateral windows for radiographic visualization. The implants are additively manufactured from Ti-6Al-4V ELI and are available in a variety of heights, footprints, and lordotic configurations to suit individual patient anatomy.",10220906K,,In Commercial Distribution,,https://api.fda.gov/device/udi.json?search=device_description%3A%22Device%22&limit=10,2026-06-26
openFDA-US,Lancing Device,Generic,00812324013303,GS1,Series 7 Anacom MedTek,Anacom Medtek,"A speaker to be used by a patient when lying in bed or resting in a chair.  It is a device that contains a speaker and cable and a connector for connection to a radio, television, infotainment or other sound emitting device.  It has an audio jack plug for headphones.  The sound level is regulated by the user with an adjustable control.",A1804-127.1DJ,,In Commercial Distribution,,https://api.fda.gov/device/udi.json?search=device_description%3A%22Device%22&limit=10,2026-06-26
openFDA-US,Lancing Device,Generic,00745129207878,GS1,780 Eversheer,SIGVARIS INC,"A tube-like garment made of elastic material(e.g., circular knit nylon and spandex yarns) that exerts a pressure upon the limb upon which it is fitted (typically a leg, but some types may be used on an arm), primarily to improve venous return to treat/prevent one or more disorders of circulation(e.g. oedema, deep vein thrombosis (DVT), varicosis). It might be referred to as a compression stocking or flight sock and may be intended to apply a graduated pressure across a limb,however it is not intended to support an injured joint. It is normally available (non-prescription) over-the-counter (OTC) for home-use and/or for hospitalized or institutionalized patients. This is a reusable device.",783N,,In Commercial Distribution,,https://api.fda.gov/device/udi.json?search=device_description%3A%22Device%22&limit=10,2026-06-26
openFDA-US,Lancing Device,Generic,03665772000008,GS1,Control Unit,DEX SURGICAL,"The console or control unit contains the DEX Device operating system.  The front surface contains indicator lights, buttons, an emergency stop button and a connection port",E-1301,,In Commercial Distribution,,https://api.fda.gov/device/udi.json?search=device_description%3A%22Device%22&limit=10,2026-06-26
openFDA-US,BG Control Solution,Generic,08426951027255,GS1,GEM Premier 5000 PAK BG COOX TBILI (450 TEST),INSTRUMENTATION LABORATORY COMPANY,"GEM 5000 BG COOX TBILI 450 Test PAK 31 DAY  (pH, pCO2, pO2, Hct, tHb, O2Hb, COHb, HHb, MetHb, sO2, tBili Cartridge)",00055445005XC,,In Commercial Distribution,,https://api.fda.gov/device/udi.json?search=brand_name%3A%22BG%22&limit=10,2026-06-26
openFDA-US,BG Control Solution,Generic,08426950082538,GS1,GEM Premier 3000 - BG HCT - 450 Tests,INSTRUMENTATION LABORATORY COMPANY,GEM Premier 3000 3WK - BG HCT - 450 Tests,00024345004,,Not in Commercial Distribution,,https://api.fda.gov/device/udi.json?search=brand_name%3A%22BG%22&limit=10,2026-06-26
openFDA-US,BG Control Solution,Generic,08426950511595,GS1,GEM Premier 3500 3000 iQM BG HCT (150 TEST),INSTRUMENTATION LABORATORY COMPANY,GEM Premier 3500 3000 iQM 3WK BG HCT (150 TEST),00026315084,,In Commercial Distribution,,https://api.fda.gov/device/udi.json?search=brand_name%3A%22BG%22&limit=10,2026-06-26
openFDA-US,BG Control Solution,Generic,E235P00560,HIBCC,VINTAGE PRO POWD OPAQ OM-BG 15,SHOFU DENTAL CORPORATION,VINTAGE PRO POWD OPAQ OM-BG 15,P0056,,In Commercial Distribution,,https://api.fda.gov/device/udi.json?search=brand_name%3A%22BG%22&limit=10,2026-06-26
openFDA-US,BG Control Solution,Generic,B101100603XSA0,HIBCC,BG 323 Pump,CME AMERICA LLC,,100-603XSA,,Not in Commercial Distribution,,https://api.fda.gov/device/udi.json?search=brand_name%3A%22BG%22&limit=10,2026-06-26
openFDA-US,BG Control Solution,Generic,08426950807773,GS1,GEM Premier 5000 PAK BG/ COOX 450 TEST,INSTRUMENTATION LABORATORY COMPANY,"GEM Premier 5000 PAK pH, pCO2, pO2, Hct, tHb, O2Hb, COHb, MetHb, HHb, sO2 450 Test 31 Days",00055445004,,In Commercial Distribution,,https://api.fda.gov/device/udi.json?search=brand_name%3A%22BG%22&limit=10,2026-06-26
openFDA-US,BG Control Solution,Generic,D77819911251,HIBCC,SCOTT'S INFUSOR TIPS 100/bg w/ BRUSH-PADDED END,SCOTT'S DENTAL SUPPLY L.L.C.,SCOTT'S INFUSOR TIPS 100/bg w/ BRUSH-PADDED END,199-1125,,In Commercial Distribution,,https://api.fda.gov/device/udi.json?search=brand_name%3A%22BG%22&limit=10,2026-06-26
openFDA-US,BG Control Solution,Generic,08426950465379,GS1,GEM 4000 PAK BG ISE GL COOX 600 TEST 21 DAY,INSTRUMENTATION LABORATORY COMPANY,"GEM Premier 4000 pH, pCO2, pO2, Na+, K+, Ca++, Cl-, Glu, Lac, Hct, tHb, O2Hb, COHb, HHb, MetHb, sO2 Cartridge - 600 Test 21DAY",00027360010,,In Commercial Distribution,,https://api.fda.gov/device/udi.json?search=brand_name%3A%22BG%22&limit=10,2026-06-26
openFDA-US,BG Control Solution,Generic,08426950082392,GS1,GEM Premier 3000 iQM - BG HCT - 300 Tests,INSTRUMENTATION LABORATORY COMPANY,GEM Premier 3000 iQM 3WK - BG HCT - 300 Tests,00024330084,,In Commercial Distribution,,https://api.fda.gov/device/udi.json?search=brand_name%3A%22BG%22&limit=10,2026-06-26
openFDA-US,BG Control Solution,Generic,00195226000801,GS1,GEM Premier 7000 with iQM3 PAK (BG/ISE/COOX/Tbili 150 Tests),INSTRUMENTATION LABORATORY COMPANY,"GEM Premier 7000 with iQM3 PAK pH, pCO2, pO2, Na+, K+, Ca++, Cl-, Hct, tHb, tBili, O2Hb, COHb, HHb, MetHb, sO2 (150 Tests, 31 days)",00077415009,,In Commercial Distribution,,https://api.fda.gov/device/udi.json?search=brand_name%3A%22BG%22&limit=10,2026-06-26
openFDA-US,FreeStyle Precision Neo Meter,Abbott,M766AS0951U0,HIBCC,FreeStyle,CAIRE INC.,"FREESTYLE OXYGEN CONCENTRATOR, 1-3LPM, REFURBISHED",AS095-1U,,In Commercial Distribution,,https://api.fda.gov/device/udi.json?search=brand_name%3A%22FreeStyle%22&limit=10,2026-06-26
openFDA-US,FreeStyle Precision Neo Meter,Abbott,00357599715625,GS1,FreeStyle Libre Pro,ABBOTT DIABETES CARE INC,FreeStyle Libre Pro Sensor Kit,71562,,In Commercial Distribution,,https://api.fda.gov/device/udi.json?search=brand_name%3A%22FreeStyle%22&limit=10,2026-06-26
openFDA-US,FreeStyle Precision Neo Meter,Abbott,00357599835019,GS1,FreeStyle Libre 2 Plus,ABBOTT DIABETES CARE INC,FreeStyle Libre 2 Plus Sensor,78747,,In Commercial Distribution,,https://api.fda.gov/device/udi.json?search=brand_name%3A%22FreeStyle%22&limit=10,2026-06-26
openFDA-US,FreeStyle Precision Neo Meter,Abbott,00357599000479,GS1,FreeStyle Libre,ABBOTT DIABETES CARE INC,FreeSyle Libre Software CD,71527,,In Commercial Distribution,,https://api.fda.gov/device/udi.json?search=brand_name%3A%22FreeStyle%22&limit=10,2026-06-26
openFDA-US,FreeStyle Precision Neo Meter,Abbott,10681490265918,GS1,FREESTYLE®,"MEDTRONIC, INC.",VALVE FR99525 FREESTYLE AOR US,FR99525,,Not in Commercial Distribution,,https://api.fda.gov/device/udi.json?search=brand_name%3A%22FreeStyle%22&limit=10,2026-06-26
openFDA-US,FreeStyle Precision Neo Meter,Abbott,10681490265888,GS1,FREESTYLE®,"MEDTRONIC, INC.",VALVE FR995-19 FREESTYLE AOR US,FR995-19,,Not in Commercial Distribution,,https://api.fda.gov/device/udi.json?search=brand_name%3A%22FreeStyle%22&limit=10,2026-06-26
openFDA-US,FreeStyle Precision Neo Meter,Abbott,00643169002418,GS1,FREESTYLE®,"MEDTRONIC, INC.",VLV 995MS21 FREESTYLE MS US TEMP IND,995MS21,,In Commercial Distribution,,https://api.fda.gov/device/udi.json?search=brand_name%3A%22FreeStyle%22&limit=10,2026-06-26
openFDA-US,FreeStyle Precision Neo Meter,Abbott,00357599819002,GS1,FreeStyle Libre 3,ABBOTT DIABETES CARE INC,FreeStyle Libre 3 Sensor Kit NFRS,72080,,In Commercial Distribution,,https://api.fda.gov/device/udi.json?search=brand_name%3A%22FreeStyle%22&limit=10,2026-06-26
openFDA-US,FreeStyle Precision Neo Meter,Abbott,00699073124500,GS1,FreeStyle,ABBOTT DIABETES CARE INC,FreeStyle Blood Glucose Test Strips,12450,,In Commercial Distribution,,https://api.fda.gov/device/udi.json?search=brand_name%3A%22FreeStyle%22&limit=10,2026-06-26
openFDA-US,FreeStyle Precision Neo Meter,Abbott,00810007660387,GS1,FreeStyle,HOURGLASS INTERNATIONAL INC,"Nitrile Powder Free Examination Gloves, XXL, Tested for Use with Chemotherapy Drugs.",1105,,In Commercial Distribution,,https://api.fda.gov/device/udi.json?search=brand_name%3A%22FreeStyle%22&limit=10,2026-06-26
openFDA-US,Precision/FreeStyle Blood Ketone Strips,Abbott,M766AS0951U0,HIBCC,FreeStyle,CAIRE INC.,"FREESTYLE OXYGEN CONCENTRATOR, 1-3LPM, REFURBISHED",AS095-1U,,In Commercial Distribution,,https://api.fda.gov/device/udi.json?search=brand_name%3A%22FreeStyle%22&limit=10,2026-06-26
openFDA-US,Precision/FreeStyle Blood Ketone Strips,Abbott,00357599715625,GS1,FreeStyle Libre Pro,ABBOTT DIABETES CARE INC,FreeStyle Libre Pro Sensor Kit,71562,,In Commercial Distribution,,https://api.fda.gov/device/udi.json?search=brand_name%3A%22FreeStyle%22&limit=10,2026-06-26
openFDA-US,Precision/FreeStyle Blood Ketone Strips,Abbott,00357599835019,GS1,FreeStyle Libre 2 Plus,ABBOTT DIABETES CARE INC,FreeStyle Libre 2 Plus Sensor,78747,,In Commercial Distribution,,https://api.fda.gov/device/udi.json?search=brand_name%3A%22FreeStyle%22&limit=10,2026-06-26
openFDA-US,Precision/FreeStyle Blood Ketone Strips,Abbott,00357599000479,GS1,FreeStyle Libre,ABBOTT DIABETES CARE INC,FreeSyle Libre Software CD,71527,,In Commercial Distribution,,https://api.fda.gov/device/udi.json?search=brand_name%3A%22FreeStyle%22&limit=10,2026-06-26
openFDA-US,Precision/FreeStyle Blood Ketone Strips,Abbott,10681490265918,GS1,FREESTYLE®,"MEDTRONIC, INC.",VALVE FR99525 FREESTYLE AOR US,FR99525,,Not in Commercial Distribution,,https://api.fda.gov/device/udi.json?search=brand_name%3A%22FreeStyle%22&limit=10,2026-06-26
openFDA-US,Precision/FreeStyle Blood Ketone Strips,Abbott,10681490265888,GS1,FREESTYLE®,"MEDTRONIC, INC.",VALVE FR995-19 FREESTYLE AOR US,FR995-19,,Not in Commercial Distribution,,https://api.fda.gov/device/udi.json?search=brand_name%3A%22FreeStyle%22&limit=10,2026-06-26
openFDA-US,Precision/FreeStyle Blood Ketone Strips,Abbott,00643169002418,GS1,FREESTYLE®,"MEDTRONIC, INC.",VLV 995MS21 FREESTYLE MS US TEMP IND,995MS21,,In Commercial Distribution,,https://api.fda.gov/device/udi.json?search=brand_name%3A%22FreeStyle%22&limit=10,2026-06-26
openFDA-US,Precision/FreeStyle Blood Ketone Strips,Abbott,00357599819002,GS1,FreeStyle Libre 3,ABBOTT DIABETES CARE INC,FreeStyle Libre 3 Sensor Kit NFRS,72080,,In Commercial Distribution,,https://api.fda.gov/device/udi.json?search=brand_name%3A%22FreeStyle%22&limit=10,2026-06-26
openFDA-US,Precision/FreeStyle Blood Ketone Strips,Abbott,00699073124500,GS1,FreeStyle,ABBOTT DIABETES CARE INC,FreeStyle Blood Glucose Test Strips,12450,,In Commercial Distribution,,https://api.fda.gov/device/udi.json?search=brand_name%3A%22FreeStyle%22&limit=10,2026-06-26
openFDA-US,Precision/FreeStyle Blood Ketone Strips,Abbott,00810007660387,GS1,FreeStyle,HOURGLASS INTERNATIONAL INC,"Nitrile Powder Free Examination Gloves, XXL, Tested for Use with Chemotherapy Drugs.",1105,,In Commercial Distribution,,https://api.fda.gov/device/udi.json?search=brand_name%3A%22FreeStyle%22&limit=10,2026-06-26
openFDA-US,Baqsimi (nasal glucagon),Eli Lilly,B502BSB9196CS0,HIBCC,Glucagon Control Slides,"BIO SB, INC.",Glucagon Control Slides,BSB-9196-CS,,In Commercial Distribution,,https://api.fda.gov/device/udi.json?search=device_description%3A%22glucagon%22&limit=10,2026-06-26
openFDA-US,Baqsimi (nasal glucagon),Eli Lilly,B502BSB33430,HIBCC,"Tinto Glucagon, MMab","BIO SB, INC.","Tinto Glucagon is a mouse monoclonal antibody derived from cell culture supernatant that is concentrated, dialyzed, filter sterilized and diluted in buffer pH 7.5","Predilute, 7 ml",,In Commercial Distribution,,https://api.fda.gov/device/udi.json?search=device_description%3A%22glucagon%22&limit=10,2026-06-26
openFDA-US,Baqsimi (nasal glucagon),Eli Lilly,B502BSB67850,HIBCC,Glucagon control slides,"BIO SB, INC.",Glucagon Control,"Control Slides, 5",,In Commercial Distribution,,https://api.fda.gov/device/udi.json?search=device_description%3A%22glucagon%22&limit=10,2026-06-26
openFDA-US,Baqsimi (nasal glucagon),Eli Lilly,00810113062310,GS1,"Rabbit Monoclonal Anti-Human Glucagon Antibody, EP74",Epitomics Inc.,"Rabbit Monoclonal Anti-Human Glucagon  (74), 0.1 mL concentrated",AC-0074A,,In Commercial Distribution,,https://api.fda.gov/device/udi.json?search=device_description%3A%22glucagon%22&limit=10,2026-06-26
openFDA-US,Baqsimi (nasal glucagon),Eli Lilly,B502BSB33460,HIBCC,Glucagon MMab,"BIO SB, INC.","Glucagon is a mouse monoclonal antibody derived from cell culture supernatant that is concentrated, dialyzed, filter sterilized and diluted in buffer pH 7.5","Concentrate, 0.5 ml",,In Commercial Distribution,,https://api.fda.gov/device/udi.json?search=device_description%3A%22glucagon%22&limit=10,2026-06-26
openFDA-US,Baqsimi (nasal glucagon),Eli Lilly,B502BSB33470,HIBCC,Glucagon MMab,"BIO SB, INC.","Glucagon is a mouse monoclonal antibody derived from cell culture supernatant that is concentrated, dialyzed, filter sterilized and diluted in buffer pH 7.5","Concentrate, 1 ml",,In Commercial Distribution,,https://api.fda.gov/device/udi.json?search=device_description%3A%22glucagon%22&limit=10,2026-06-26
openFDA-US,Baqsimi (nasal glucagon),Eli Lilly,B502BSB55770,HIBCC,Tinto Glucagon,"BIO SB, INC.",Tinto Glucagon,"Predilute, 15 ml",,In Commercial Distribution,,https://api.fda.gov/device/udi.json?search=device_description%3A%22glucagon%22&limit=10,2026-06-26
openFDA-US,Baqsimi (nasal glucagon),Eli Lilly,B502BSB23330,HIBCC,Glucagon RMab,"BIO SB, INC.","Anti-Glucagon is a rabbit monoclonal antibody derived from cell culture supernatant that is concentrated, dialyzed, filter sterilized and diluted in buffer pH 7.5,","Concentrate, 1 ml",,In Commercial Distribution,,https://api.fda.gov/device/udi.json?search=device_description%3A%22glucagon%22&limit=10,2026-06-26
openFDA-US,Baqsimi (nasal glucagon),Eli Lilly,B24211HGHHUE010,HIBCC,Human Growth Hormone ELISA,"AMERICAN LABORATORY PRODUCTS COMPANY, LTD.",The Glucagon ELISA is for the quantitative measurement of Growth Hormone (GH) in human serum by an ELISA (Enzyme-Linked Immunosorbent Assay). For in vitro diagnostic use.,11-HGHHU-E01,,In Commercial Distribution,,https://api.fda.gov/device/udi.json?search=device_description%3A%22glucagon%22&limit=10,2026-06-26
openFDA-US,Baqsimi (nasal glucagon),Eli Lilly,B502BSB33480,HIBCC,Glucagon control slides,"BIO SB, INC.",Glucagon Control,"Control Slides, 5",,In Commercial Distribution,,https://api.fda.gov/device/udi.json?search=device_description%3A%22glucagon%22&limit=10,2026-06-26
openFDA-US,Gvoke HypoPen (glucagon),Xeris,B502BSB9196CS0,HIBCC,Glucagon Control Slides,"BIO SB, INC.",Glucagon Control Slides,BSB-9196-CS,,In Commercial Distribution,,https://api.fda.gov/device/udi.json?search=device_description%3A%22glucagon%22&limit=10,2026-06-26
openFDA-US,Gvoke HypoPen (glucagon),Xeris,B502BSB33430,HIBCC,"Tinto Glucagon, MMab","BIO SB, INC.","Tinto Glucagon is a mouse monoclonal antibody derived from cell culture supernatant that is concentrated, dialyzed, filter sterilized and diluted in buffer pH 7.5","Predilute, 7 ml",,In Commercial Distribution,,https://api.fda.gov/device/udi.json?search=device_description%3A%22glucagon%22&limit=10,2026-06-26
openFDA-US,Gvoke HypoPen (glucagon),Xeris,B502BSB67850,HIBCC,Glucagon control slides,"BIO SB, INC.",Glucagon Control,"Control Slides, 5",,In Commercial Distribution,,https://api.fda.gov/device/udi.json?search=device_description%3A%22glucagon%22&limit=10,2026-06-26
openFDA-US,Gvoke HypoPen (glucagon),Xeris,00810113062310,GS1,"Rabbit Monoclonal Anti-Human Glucagon Antibody, EP74",Epitomics Inc.,"Rabbit Monoclonal Anti-Human Glucagon  (74), 0.1 mL concentrated",AC-0074A,,In Commercial Distribution,,https://api.fda.gov/device/udi.json?search=device_description%3A%22glucagon%22&limit=10,2026-06-26
openFDA-US,Gvoke HypoPen (glucagon),Xeris,B502BSB33460,HIBCC,Glucagon MMab,"BIO SB, INC.","Glucagon is a mouse monoclonal antibody derived from cell culture supernatant that is concentrated, dialyzed, filter sterilized and diluted in buffer pH 7.5","Concentrate, 0.5 ml",,In Commercial Distribution,,https://api.fda.gov/device/udi.json?search=device_description%3A%22glucagon%22&limit=10,2026-06-26
openFDA-US,Gvoke HypoPen (glucagon),Xeris,B502BSB33470,HIBCC,Glucagon MMab,"BIO SB, INC.","Glucagon is a mouse monoclonal antibody derived from cell culture supernatant that is concentrated, dialyzed, filter sterilized and diluted in buffer pH 7.5","Concentrate, 1 ml",,In Commercial Distribution,,https://api.fda.gov/device/udi.json?search=device_description%3A%22glucagon%22&limit=10,2026-06-26
openFDA-US,Gvoke HypoPen (glucagon),Xeris,B502BSB55770,HIBCC,Tinto Glucagon,"BIO SB, INC.",Tinto Glucagon,"Predilute, 15 ml",,In Commercial Distribution,,https://api.fda.gov/device/udi.json?search=device_description%3A%22glucagon%22&limit=10,2026-06-26
openFDA-US,Gvoke HypoPen (glucagon),Xeris,B502BSB23330,HIBCC,Glucagon RMab,"BIO SB, INC.","Anti-Glucagon is a rabbit monoclonal antibody derived from cell culture supernatant that is concentrated, dialyzed, filter sterilized and diluted in buffer pH 7.5,","Concentrate, 1 ml",,In Commercial Distribution,,https://api.fda.gov/device/udi.json?search=device_description%3A%22glucagon%22&limit=10,2026-06-26
openFDA-US,Gvoke HypoPen (glucagon),Xeris,B24211HGHHUE010,HIBCC,Human Growth Hormone ELISA,"AMERICAN LABORATORY PRODUCTS COMPANY, LTD.",The Glucagon ELISA is for the quantitative measurement of Growth Hormone (GH) in human serum by an ELISA (Enzyme-Linked Immunosorbent Assay). For in vitro diagnostic use.,11-HGHHU-E01,,In Commercial Distribution,,https://api.fda.gov/device/udi.json?search=device_description%3A%22glucagon%22&limit=10,2026-06-26
openFDA-US,Gvoke HypoPen (glucagon),Xeris,B502BSB33480,HIBCC,Glucagon control slides,"BIO SB, INC.",Glucagon Control,"Control Slides, 5",,In Commercial Distribution,,https://api.fda.gov/device/udi.json?search=device_description%3A%22glucagon%22&limit=10,2026-06-26
openFDA-US,GlucaGen HypoKit (glucagon),Novo Nordisk,B502BSB9196CS0,HIBCC,Glucagon Control Slides,"BIO SB, INC.",Glucagon Control Slides,BSB-9196-CS,,In Commercial Distribution,,https://api.fda.gov/device/udi.json?search=device_description%3A%22glucagon%22&limit=10,2026-06-26
openFDA-US,GlucaGen HypoKit (glucagon),Novo Nordisk,B502BSB33430,HIBCC,"Tinto Glucagon, MMab","BIO SB, INC.","Tinto Glucagon is a mouse monoclonal antibody derived from cell culture supernatant that is concentrated, dialyzed, filter sterilized and diluted in buffer pH 7.5","Predilute, 7 ml",,In Commercial Distribution,,https://api.fda.gov/device/udi.json?search=device_description%3A%22glucagon%22&limit=10,2026-06-26
openFDA-US,GlucaGen HypoKit (glucagon),Novo Nordisk,B502BSB67850,HIBCC,Glucagon control slides,"BIO SB, INC.",Glucagon Control,"Control Slides, 5",,In Commercial Distribution,,https://api.fda.gov/device/udi.json?search=device_description%3A%22glucagon%22&limit=10,2026-06-26
openFDA-US,GlucaGen HypoKit (glucagon),Novo Nordisk,00810113062310,GS1,"Rabbit Monoclonal Anti-Human Glucagon Antibody, EP74",Epitomics Inc.,"Rabbit Monoclonal Anti-Human Glucagon  (74), 0.1 mL concentrated",AC-0074A,,In Commercial Distribution,,https://api.fda.gov/device/udi.json?search=device_description%3A%22glucagon%22&limit=10,2026-06-26
openFDA-US,GlucaGen HypoKit (glucagon),Novo Nordisk,B502BSB33460,HIBCC,Glucagon MMab,"BIO SB, INC.","Glucagon is a mouse monoclonal antibody derived from cell culture supernatant that is concentrated, dialyzed, filter sterilized and diluted in buffer pH 7.5","Concentrate, 0.5 ml",,In Commercial Distribution,,https://api.fda.gov/device/udi.json?search=device_description%3A%22glucagon%22&limit=10,2026-06-26
openFDA-US,GlucaGen HypoKit (glucagon),Novo Nordisk,B502BSB33470,HIBCC,Glucagon MMab,"BIO SB, INC.","Glucagon is a mouse monoclonal antibody derived from cell culture supernatant that is concentrated, dialyzed, filter sterilized and diluted in buffer pH 7.5","Concentrate, 1 ml",,In Commercial Distribution,,https://api.fda.gov/device/udi.json?search=device_description%3A%22glucagon%22&limit=10,2026-06-26
openFDA-US,GlucaGen HypoKit (glucagon),Novo Nordisk,B502BSB55770,HIBCC,Tinto Glucagon,"BIO SB, INC.",Tinto Glucagon,"Predilute, 15 ml",,In Commercial Distribution,,https://api.fda.gov/device/udi.json?search=device_description%3A%22glucagon%22&limit=10,2026-06-26
openFDA-US,GlucaGen HypoKit (glucagon),Novo Nordisk,B502BSB23330,HIBCC,Glucagon RMab,"BIO SB, INC.","Anti-Glucagon is a rabbit monoclonal antibody derived from cell culture supernatant that is concentrated, dialyzed, filter sterilized and diluted in buffer pH 7.5,","Concentrate, 1 ml",,In Commercial Distribution,,https://api.fda.gov/device/udi.json?search=device_description%3A%22glucagon%22&limit=10,2026-06-26
openFDA-US,GlucaGen HypoKit (glucagon),Novo Nordisk,B24211HGHHUE010,HIBCC,Human Growth Hormone ELISA,"AMERICAN LABORATORY PRODUCTS COMPANY, LTD.",The Glucagon ELISA is for the quantitative measurement of Growth Hormone (GH) in human serum by an ELISA (Enzyme-Linked Immunosorbent Assay). For in vitro diagnostic use.,11-HGHHU-E01,,In Commercial Distribution,,https://api.fda.gov/device/udi.json?search=device_description%3A%22glucagon%22&limit=10,2026-06-26
openFDA-US,GlucaGen HypoKit (glucagon),Novo Nordisk,B502BSB33480,HIBCC,Glucagon control slides,"BIO SB, INC.",Glucagon Control,"Control Slides, 5",,In Commercial Distribution,,https://api.fda.gov/device/udi.json?search=device_description%3A%22glucagon%22&limit=10,2026-06-26
openFDA-US,Skin Tac Adhesive Wipes,Skin Tac,00192896076877,GS1,JOSEPH SKIN HOOK,"SONTEC INSTRUMENTS, INC.",JOSEPH SKIN HOOK BLUNT BALL TIPS BLUE ELECTRO COATED,199-421,,In Commercial Distribution,,https://api.fda.gov/device/udi.json?search=brand_name%3A%22Skin%22&limit=10,2026-06-26
openFDA-US,Skin Tac Adhesive Wipes,Skin Tac,00192896116931,GS1,Gilles Skin Hook,"SONTEC INSTRUMENTS, INC.",Gilles Skin Hook Round/Flat Handle Large Tip,199-388,,In Commercial Distribution,,https://api.fda.gov/device/udi.json?search=brand_name%3A%22Skin%22&limit=10,2026-06-26
openFDA-US,Skin Tac Adhesive Wipes,Skin Tac,08904428721399,GS1,OSSEOUS- Skin Closure Tape,EON MEDITECH PRIVATE LIMITED,,EA91066,,In Commercial Distribution,,https://api.fda.gov/device/udi.json?search=brand_name%3A%22Skin%22&limit=10,2026-06-26
openFDA-US,Skin Tac Adhesive Wipes,Skin Tac,04942962608817,GS1,"Skin Temp Probe, 5mm O.D.(W)",ATOM MEDICAL CORPORATION,,60881,,In Commercial Distribution,,https://api.fda.gov/device/udi.json?search=brand_name%3A%22Skin%22&limit=10,2026-06-26
openFDA-US,Skin Tac Adhesive Wipes,Skin Tac,08057971591725,GS1,Adam's Skin,BIONIT LABS SRL,Adam's Skin - Glove for Adam's Hand (spare part) - Individual Glove - Side: Right - Size: Medium,AS02-RM1-I0,,In Commercial Distribution,,https://api.fda.gov/device/udi.json?search=brand_name%3A%22Skin%22&limit=10,2026-06-26
openFDA-US,Skin Tac Adhesive Wipes,Skin Tac,00192896025042,GS1,SONTEC SKIN HOOK,"SONTEC INSTRUMENTS, INC.",SONTEC SKIN HOOK SHARP TIPS,199-400,,In Commercial Distribution,,https://api.fda.gov/device/udi.json?search=brand_name%3A%22Skin%22&limit=10,2026-06-26
openFDA-US,Skin Tac Adhesive Wipes,Skin Tac,D9281057840,HIBCC,"SKIN HOOK ALM-2-3-2/4""","W.H. Holden, Inc.",,10-5784,,In Commercial Distribution,,https://api.fda.gov/device/udi.json?search=brand_name%3A%22Skin%22&limit=10,2026-06-26
openFDA-US,Skin Tac Adhesive Wipes,Skin Tac,08057971593941,GS1,Adam's Skin,BIONIT LABS SRL,Adam's Skin - Glove for Adam's Hand (spare part) - Basic Glove - Color: N3 - Side: Right - Size: Small,AS02-RS1-N3,,In Commercial Distribution,,https://api.fda.gov/device/udi.json?search=brand_name%3A%22Skin%22&limit=10,2026-06-26
openFDA-US,Skin Tac Adhesive Wipes,Skin Tac,00887761000797,GS1,Sterion® Skin Closure,"ASPEN SURGICAL PRODUCTS, INC.",Intended for skin closure and closure support for sutures and staples,753046BBG,,Not in Commercial Distribution,,https://api.fda.gov/device/udi.json?search=brand_name%3A%22Skin%22&limit=10,2026-06-26
openFDA-US,Skin Tac Adhesive Wipes,Skin Tac,10697660003747,GS1,Skin Hook Retractor (with 2 Sharp Prongs) (non glare),Oculo-Plastik Inc,The Skin Hook is a retractor with two sharp prongs. All non-reflective.,28-012,,Not in Commercial Distribution,,https://api.fda.gov/device/udi.json?search=brand_name%3A%22Skin%22&limit=10,2026-06-26
openFDA-US,Adhesive Patches/Overlays,Generic,07331791001611,GS1,Provox Adhesive FlexiDerm Round,Atos Medical AB,The Provox Adhesives are single use devices intended for laryngectomized patients breathing through a tracheostoma. The devices are attached to the skin around the tracheostoma in order to provide attachment for components of the Provox HME System.,7253,,In Commercial Distribution,,https://api.fda.gov/device/udi.json?search=brand_name%3A%22Adhesive%22&limit=10,2026-06-26
openFDA-US,Adhesive Patches/Overlays,Generic,00766588235738,GS1,"609 - Adhesive Bandages Woven 1""x 3"" - 16/unit","Certified Safety Manufacturing, Inc.","609 - Adhesive Bandages Woven 1""x 3"" - 16/unit",R523-573,,In Commercial Distribution,,https://api.fda.gov/device/udi.json?search=brand_name%3A%22Adhesive%22&limit=10,2026-06-26
openFDA-US,Adhesive Patches/Overlays,Generic,00616784302416,GS1,FoamFlex Non-Adhesive Waterproof Foam Dressing,Dynarex Corporation,"FoamFlex Non-Adhesive Waterproof Foam Dressing, 4""x4""",3024,,In Commercial Distribution,,https://api.fda.gov/device/udi.json?search=brand_name%3A%22Adhesive%22&limit=10,2026-06-26
openFDA-US,Adhesive Patches/Overlays,Generic,00082147000891,GS1,"ROLL OF FELT - 1/8"" THICKNESS - FLESH COLORED MOLESKIN W/ADHESIVE",HAPAD INC,,"1/8"" x 6"" x 2.5 YDS",,In Commercial Distribution,,https://api.fda.gov/device/udi.json?search=brand_name%3A%22Adhesive%22&limit=10,2026-06-26
openFDA-US,Adhesive Patches/Overlays,Generic,D73520002020010,HIBCC,ALPHA-DENT® Self Cure Bonding Adhesive,"DENTAL TECHNOLOGIES, INC.","ALPHA-DENT® Self Cure Bonding Adhesive is designed for bonding composite resin materials to dentin and enamel.  The ideal viscosity allows the material to penetrate into microtubules to enhance mechanical adhesion.  Kit Contains: 3ml Base Adhesive, 3ml Catalyst Bonding Resin",200.0202.001,,In Commercial Distribution,,https://api.fda.gov/device/udi.json?search=brand_name%3A%22Adhesive%22&limit=10,2026-06-26
openFDA-US,Adhesive Patches/Overlays,Generic,B425CST03429022,HIBCC,Adhesive Disposable SpO2 Sensors with Medaplast Tape - Pediatric,MEDIAID INC,"SpO2 sensors are electro-optical sensors that function without skin penetration, electrical contact, or heat transfer. The sensor uses optical means to determine the light absorption of functional arterial hemoglobin by being connected between the patient and the Oximeter. The sensor contains three optical components, (LED) that serves as light sources and one photodiode that acts as light detector. The optical components are housed in adhesive film/rigid spring-loaded clip, or foam and Velcro wrap. The sensor cable is terminated by a connector as specified by the different make/ manufacturer of the pulse Oximeter, with an optional adapter cable for compatible models.",CST034-2902,,In Commercial Distribution,,https://api.fda.gov/device/udi.json?search=brand_name%3A%22Adhesive%22&limit=10,2026-06-26
openFDA-US,Adhesive Patches/Overlays,Generic,D73520601010010,HIBCC,ALPHA-DENT® Light Cure Bonding Adhesive,"DENTAL TECHNOLOGIES, INC.",ALPHA-DENT® Light Cure Bonding Adhesive is designed for bonding composite resin materials to dentin and enamel.  The ideal viscosity allows the material to penetrate into microtubules to enhance mechanical adhesion.  Kit Contains: 1 x 3ml Bonding Resin Bottle,206.0101.001,,In Commercial Distribution,,https://api.fda.gov/device/udi.json?search=brand_name%3A%22Adhesive%22&limit=10,2026-06-26
openFDA-US,Adhesive Patches/Overlays,Generic,B425CST03421512,HIBCC,Adhesive Disposable SpO2 Sensors with Medaplast Tape - Adult,MEDIAID INC,"SpO2 sensors are electro-optical sensors that function without skin penetration, electrical contact, or heat transfer. The sensor uses optical means to determine the light absorption of functional arterial hemoglobin by being connected between the patient and the Oximeter. The sensor contains three optical components, (LED) that serves as light sources and one photodiode that acts as light detector. The optical components are housed in adhesive film/rigid spring-loaded clip, or foam and Velcro wrap. The sensor cable is terminated by a connector as specified by the different make/ manufacturer of the pulse Oximeter, with an optional adapter cable for compatible models.",CST034-2151,,In Commercial Distribution,,https://api.fda.gov/device/udi.json?search=brand_name%3A%22Adhesive%22&limit=10,2026-06-26
openFDA-US,Adhesive Patches/Overlays,Generic,00616784302515,GS1,FoamFlex Non-Adhesive Waterproof Foam Dressing,Dynarex Corporation,"FoamFlex Non-Adhesive Waterproof Foam Dressing, 6""x6""",3025,,In Commercial Distribution,,https://api.fda.gov/device/udi.json?search=brand_name%3A%22Adhesive%22&limit=10,2026-06-26
openFDA-US,Adhesive Patches/Overlays,Generic,00787551013375,GS1,80549 Cord Cover - XL with Strong Adhesive,"XODUS MEDICAL, INC.",80549 Cord Cover - XL with Strong Adhesive,80549,,In Commercial Distribution,,https://api.fda.gov/device/udi.json?search=brand_name%3A%22Adhesive%22&limit=10,2026-06-26
